ticket_id,subject,description,ticket_text,category,priority
1,Requesting W-9 vendor tax form for accounts payable - Request assistance,Our accounting department requires a signed W-9 form and bank ACH direct deposit details before processing the outstanding purchase order. Logs and system diagnostic details have been captured and can be provided upon request.,Requesting W-9 vendor tax form for accounts payable - Request assistance. Our accounting department requires a signed W-9 form and bank ACH direct deposit details before processing the outstanding purchase order. Logs and system diagnostic details have been captured and can be provided upon request.,Payment,Low
2,Urgent: Webcam hardware disconnected error,Built-in laptop webcam gives error 0xA00F4244 NoCamerasAreAttached in Windows Camera app. Driver is missing in Device Manager. This is severely impacting our daily operations and client deliverable deadlines.,Urgent: Webcam hardware disconnected error. Built-in laptop webcam gives error 0xA00F4244 NoCamerasAreAttached in Windows Camera app. Driver is missing in Device Manager. This is severely impacting our daily operations and client deliverable deadlines.,Hardware,Medium
3,Office WiFi connected but no internet access - Request assistance,"Laptops on the 4th floor connect to 'Corp-Secure-WiFi' with strong signal, but browser displays 'No Internet Access, DNS server not responding'. We noticed this error intermittently over the past week, but now it occurs constantly.","Office WiFi connected but no internet access - Request assistance. Laptops on the 4th floor connect to 'Corp-Secure-WiFi' with strong signal, but browser displays 'No Internet Access, DNS server not responding'. We noticed this error intermittently over the past week, but now it occurs constantly.",Network,High
4,Background worker queue stalled and backlog growing,"Celery / Redis background task queue is not processing asynchronous email notification jobs. 15,000 tasks stuck in pending state. We have already attempted rebooting the system, but the problem persists.","Background worker queue stalled and backlog growing. Celery / Redis background task queue is not processing asynchronous email notification jobs. 15,000 tasks stuck in pending state. We have already attempted rebooting the system, but the problem persists.",Technical Issue,High
5,VoIP desk phone unregistered from PBX - Request assistance,Cisco IP phone on desk 14 shows 'Registration Failed'. No dial tone and cannot receive incoming transfers from receptionist.,VoIP desk phone unregistered from PBX - Request assistance. Cisco IP phone on desk 14 shows 'Registration Failed'. No dial tone and cannot receive incoming transfers from receptionist.,Network,Medium
6,[Issue] Stripe checkout payment gateway throwing error 402,"When attempting to pay invoice online, checkout modal throws error 'Payment Required: card_declined'. Bank confirms no block on our end. We noticed this error intermittently over the past week, but now it occurs constantly.","[Issue] Stripe checkout payment gateway throwing error 402. When attempting to pay invoice online, checkout modal throws error 'Payment Required: card_declined'. Bank confirms no block on our end. We noticed this error intermittently over the past week, but now it occurs constantly.",Payment,High
7,Guest contractor account extension required,Contractor engagement for vendor QA has been extended by 30 days. Need their account expiration date extended in Active Directory. This is severely impacting our daily operations and client deliverable deadlines.,Guest contractor account extension required. Contractor engagement for vendor QA has been extended by 30 days. Need their account expiration date extended in Active Directory. This is severely impacting our daily operations and client deliverable deadlines.,Account,Medium
8,Single Sign-On SSO authentication loop on Okta - Request assistance,Clicking on Jira or Confluence through Okta dashboard redirects in an infinite loop back to the login portal without signing in. Please advise on immediate troubleshooting steps or dispatch a technician.,Single Sign-On SSO authentication loop on Okta - Request assistance. Clicking on Jira or Confluence through Okta dashboard redirects in an infinite loop back to the login portal without signing in. Please advise on immediate troubleshooting steps or dispatch a technician.,Account,High
9,[Issue] SSL handshake failure between microservices,Service mesh communication failed with 'SSL: CERTIFICATE_VERIFY_FAILED: certificate has expired' between billing and user services. Please advise on immediate troubleshooting steps or dispatch a technician.,[Issue] SSL handshake failure between microservices. Service mesh communication failed with 'SSL: CERTIFICATE_VERIFY_FAILED: certificate has expired' between billing and user services. Please advise on immediate troubleshooting steps or dispatch a technician.,Technical Issue,Critical
10,Help needed: VPN client software fails to initialize virtual adapter,GlobalProtect / OpenVPN agent displays 'Failed to create virtual network adapter' during startup sequence. Reinstalling network drivers did not help.,Help needed: VPN client software fails to initialize virtual adapter. GlobalProtect / OpenVPN agent displays 'Failed to create virtual network adapter' during startup sequence. Reinstalling network drivers did not help.,Software,High
11,Help needed: User account locked out after failed password attempts,Entered incorrect password on Monday morning and now my domain account is locked out. Need admin to unlock in Active Directory so I can login. Please advise on immediate troubleshooting steps or dispatch a technician.,Help needed: User account locked out after failed password attempts. Entered incorrect password on Monday morning and now my domain account is locked out. Need admin to unlock in Active Directory so I can login. Please advise on immediate troubleshooting steps or dispatch a technician.,Account,High
12,Help needed: Conference room TV display color distortion,Main wall display in Conference Room B shows severe purple and green tint over HDMI input. Resetting display settings did not resolve. Logs and system diagnostic details have been captured and can be provided upon request.,Help needed: Conference room TV display color distortion. Main wall display in Conference Room B shows severe purple and green tint over HDMI input. Resetting display settings did not resolve. Logs and system diagnostic details have been captured and can be provided upon request.,Hardware,Low
13,[Issue] Data export CSV corrupted with incomplete rows,"Exporting historical ticket reports with >10,000 rows generates truncated CSV file stopping midway at row 3,420 with trailing commas. Please advise on immediate troubleshooting steps or dispatch a technician.","[Issue] Data export CSV corrupted with incomplete rows. Exporting historical ticket reports with >10,000 rows generates truncated CSV file stopping midway at row 3,420 with trailing commas. Please advise on immediate troubleshooting steps or dispatch a technician.",Technical Issue,Medium
14,Help needed: Guest contractor account extension required,"Contractor engagement for vendor QA has been extended by 30 days. Need their account expiration date extended in Active Directory. We noticed this error intermittently over the past week, but now it occurs constantly.","Help needed: Guest contractor account extension required. Contractor engagement for vendor QA has been extended by 30 days. Need their account expiration date extended in Active Directory. We noticed this error intermittently over the past week, but now it occurs constantly.",Account,Medium
15,Urgent: Excel crashes when opening large pivot table,"Microsoft Excel 365 freezes and abruptly crashes whenever I open our quarterly sales workbook containing 80,000 rows. Event Viewer logs faulting module ntdll.dll. Logs and system diagnostic details have been captured and can be provided upon request.","Urgent: Excel crashes when opening large pivot table. Microsoft Excel 365 freezes and abruptly crashes whenever I open our quarterly sales workbook containing 80,000 rows. Event Viewer logs faulting module ntdll.dll. Logs and system diagnostic details have been captured and can be provided upon request.",Software,High
16,Urgent: Stripe checkout payment gateway throwing error 402,"When attempting to pay invoice online, checkout modal throws error 'Payment Required: card_declined'. Bank confirms no block on our end. Please advise on immediate troubleshooting steps or dispatch a technician.","Urgent: Stripe checkout payment gateway throwing error 402. When attempting to pay invoice online, checkout modal throws error 'Payment Required: card_declined'. Bank confirms no block on our end. Please advise on immediate troubleshooting steps or dispatch a technician.",Payment,High
17,Urgent: Laser printer paper jam in tray 2,"The HP LaserJet printer on the 3rd floor has a continuous paper jam error. Opened tray 2 and cleared paper, but roller error indicator remains red.","Urgent: Laser printer paper jam in tray 2. The HP LaserJet printer on the 3rd floor has a continuous paper jam error. Opened tray 2 and cleared paper, but roller error indicator remains red.",Hardware,Medium
18,Hard drive clicking noise and I/O error - Request assistance,Secondary internal 1TB Seagate drive is producing rhythmic clicking noises. Windows Explorer freezes and throws 'The request failed due to a fatal device hardware error'. This is severely impacting our daily operations and client deliverable deadlines.,Hard drive clicking noise and I/O error - Request assistance. Secondary internal 1TB Seagate drive is producing rhythmic clicking noises. Windows Explorer freezes and throws 'The request failed due to a fatal device hardware error'. This is severely impacting our daily operations and client deliverable deadlines.,Hardware,High
19,Help needed: Remove access for departing employee immediately,"Employee has resigned effective immediately today. Please disable AD account, revoke OAuth tokens, and forward emails to manager. This issue started occurring after the system maintenance yesterday.","Help needed: Remove access for departing employee immediately. Employee has resigned effective immediately today. Please disable AD account, revoke OAuth tokens, and forward emails to manager. This issue started occurring after the system maintenance yesterday.",Account,Critical
20,[Issue] VoIP desk phone unregistered from PBX,Cisco IP phone on desk 14 shows 'Registration Failed'. No dial tone and cannot receive incoming transfers from receptionist. Urgent assistance required as this is blocking our production workflow.,[Issue] VoIP desk phone unregistered from PBX. Cisco IP phone on desk 14 shows 'Registration Failed'. No dial tone and cannot receive incoming transfers from receptionist. Urgent assistance required as this is blocking our production workflow.,Network,High
21,Urgent: Conference room TV display color distortion,Main wall display in Conference Room B shows severe purple and green tint over HDMI input. Resetting display settings did not resolve. Urgent assistance required as this is blocking our production workflow.,Urgent: Conference room TV display color distortion. Main wall display in Conference Room B shows severe purple and green tint over HDMI input. Resetting display settings did not resolve. Urgent assistance required as this is blocking our production workflow.,Hardware,High
22,Urgent: Zoom meeting video freezes after 5 minutes,"During video calls Zoom client freezes video feed while audio continues. Graphic driver is up to date, but hardware acceleration setting crashes app. This is severely impacting our daily operations and client deliverable deadlines.","Urgent: Zoom meeting video freezes after 5 minutes. During video calls Zoom client freezes video feed while audio continues. Graphic driver is up to date, but hardware acceleration setting crashes app. This is severely impacting our daily operations and client deliverable deadlines.",Software,Medium
23,Help needed: USB-C docking station ethernet port dead,"My Dell docking station powers the laptop and displays to dual monitors, but the RJ45 ethernet port has no link lights and network is disconnected. Several other team members in our department are facing the exact same problem.","Help needed: USB-C docking station ethernet port dead. My Dell docking station powers the laptop and displays to dual monitors, but the RJ45 ethernet port has no link lights and network is disconnected. Several other team members in our department are facing the exact same problem.",Hardware,Medium
24,Help needed: Password reset link expired before use,"Requested a self-service password reset email, but clicking the token link gives error 'Reset token has expired'. Please send a fresh reset link. Several other team members in our department are facing the exact same problem.","Help needed: Password reset link expired before use. Requested a self-service password reset email, but clicking the token link gives error 'Reset token has expired'. Please send a fresh reset link. Several other team members in our department are facing the exact same problem.",Account,Medium
25,Help needed: Remove access for departing employee immediately,"Employee has resigned effective immediately today. Please disable AD account, revoke OAuth tokens, and forward emails to manager. Urgent assistance required as this is blocking our production workflow.","Help needed: Remove access for departing employee immediately. Employee has resigned effective immediately today. Please disable AD account, revoke OAuth tokens, and forward emails to manager. Urgent assistance required as this is blocking our production workflow.",Account,Critical
26,Power supply unit burning smell,Desktop PC suddenly lost power and emitted a faint electrical burning odor. System refuses to turn on when power button is pressed. No motherboard LEDs lit. Please advise on immediate troubleshooting steps or dispatch a technician.,Power supply unit burning smell. Desktop PC suddenly lost power and emitted a faint electrical burning odor. System refuses to turn on when power button is pressed. No motherboard LEDs lit. Please advise on immediate troubleshooting steps or dispatch a technician.,Hardware,Critical
27,[Issue] Payment receipt not emailed after successful transaction,Credit card was successfully charged yesterday but confirmation receipt and license key were not delivered to billing@company.com. Please advise on immediate troubleshooting steps or dispatch a technician.,[Issue] Payment receipt not emailed after successful transaction. Credit card was successfully charged yesterday but confirmation receipt and license key were not delivered to billing@company.com. Please advise on immediate troubleshooting steps or dispatch a technician.,Payment,Low
28,[Issue] Adobe Acrobat Reader crashing on PDF sign,"Whenever I attempt to place a digital certificate signature on contract documents, Adobe Acrobat DC closes immediately without an error message. We noticed this error intermittently over the past week, but now it occurs constantly.","[Issue] Adobe Acrobat Reader crashing on PDF sign. Whenever I attempt to place a digital certificate signature on contract documents, Adobe Acrobat DC closes immediately without an error message. We noticed this error intermittently over the past week, but now it occurs constantly.",Software,High
29,Help needed: Router gateway unreachable on subnet 192.168.10.0,Workstations on VLAN 10 cannot ping default gateway 192.168.10.1. Local switch interface shows orange amber blinking LED. This is severely impacting our daily operations and client deliverable deadlines.,Help needed: Router gateway unreachable on subnet 192.168.10.0. Workstations on VLAN 10 cannot ping default gateway 192.168.10.1. Local switch interface shows orange amber blinking LED. This is severely impacting our daily operations and client deliverable deadlines.,Network,Critical
30,[Issue] RAM memory failure causing BSOD,"Computer crashed three times today with MEMORY_MANAGEMENT blue screen. Windows Memory Diagnostic tool reported hardware memory problems detected. We noticed this error intermittently over the past week, but now it occurs constantly.","[Issue] RAM memory failure causing BSOD. Computer crashed three times today with MEMORY_MANAGEMENT blue screen. Windows Memory Diagnostic tool reported hardware memory problems detected. We noticed this error intermittently over the past week, but now it occurs constantly.",Hardware,High
31,Help needed: Unexpected price increase on monthly statement,Our monthly subscription billed at $450 instead of our contracted rate of $350. Please review pricing tier agreement and adjust the balance. Tested across multiple workstations and the behavior is completely reproducible.,Help needed: Unexpected price increase on monthly statement. Our monthly subscription billed at $450 instead of our contracted rate of $350. Please review pricing tier agreement and adjust the balance. Tested across multiple workstations and the behavior is completely reproducible.,Payment,Medium
32,Urgent: New employee onboarding credentials not received,New software engineer starts today but has not received their initial login credentials or temporary password for company email. This issue started occurring after the system maintenance yesterday.,Urgent: New employee onboarding credentials not received. New software engineer starts today but has not received their initial login credentials or temporary password for company email. This issue started occurring after the system maintenance yesterday.,Account,High
33,Unauthorized login attempt detected from foreign IP - Request assistance,Received security alert email indicating a successful login attempt from an unknown device in Romania. Need immediate password reset and session purge. Several other team members in our department are facing the exact same problem.,Unauthorized login attempt detected from foreign IP - Request assistance. Received security alert email indicating a successful login attempt from an unknown device in Romania. Need immediate password reset and session purge. Several other team members in our department are facing the exact same problem.,Account,Critical
34,Help needed: Intermittent WebSocket connection drops in dashboard,"Real-time updates in admin portal disconnect with code 1006 every few minutes, requiring manual page refresh to see new tickets. Tested across multiple workstations and the behavior is completely reproducible.","Help needed: Intermittent WebSocket connection drops in dashboard. Real-time updates in admin portal disconnect with code 1006 every few minutes, requiring manual page refresh to see new tickets. Tested across multiple workstations and the behavior is completely reproducible.",Technical Issue,Medium
35,Account deactivated following departmental transfer,My Active Directory account was accidentally marked as disabled during my transfer from Support to Engineering. Cannot access workstation. Please advise on immediate troubleshooting steps or dispatch a technician.,Account deactivated following departmental transfer. My Active Directory account was accidentally marked as disabled during my transfer from Support to Engineering. Cannot access workstation. Please advise on immediate troubleshooting steps or dispatch a technician.,Account,Critical
36,[Issue] Single Sign-On SSO authentication loop on Okta,Clicking on Jira or Confluence through Okta dashboard redirects in an infinite loop back to the login portal without signing in. Tested across multiple workstations and the behavior is completely reproducible.,[Issue] Single Sign-On SSO authentication loop on Okta. Clicking on Jira or Confluence through Okta dashboard redirects in an infinite loop back to the login portal without signing in. Tested across multiple workstations and the behavior is completely reproducible.,Account,High
37,Requesting W-9 vendor tax form for accounts payable - Request assistance,Our accounting department requires a signed W-9 form and bank ACH direct deposit details before processing the outstanding purchase order. Tested across multiple workstations and the behavior is completely reproducible.,Requesting W-9 vendor tax form for accounts payable - Request assistance. Our accounting department requires a signed W-9 form and bank ACH direct deposit details before processing the outstanding purchase order. Tested across multiple workstations and the behavior is completely reproducible.,Payment,Low
38,Urgent: Unexpected price increase on monthly statement,Our monthly subscription billed at $450 instead of our contracted rate of $350. Please review pricing tier agreement and adjust the balance. This issue started occurring after the system maintenance yesterday.,Urgent: Unexpected price increase on monthly statement. Our monthly subscription billed at $450 instead of our contracted rate of $350. Please review pricing tier agreement and adjust the balance. This issue started occurring after the system maintenance yesterday.,Payment,Medium
39,Router gateway unreachable on subnet 192.168.10.0,"Workstations on VLAN 10 cannot ping default gateway 192.168.10.1. Local switch interface shows orange amber blinking LED. We have already attempted rebooting the system, but the problem persists.","Router gateway unreachable on subnet 192.168.10.0. Workstations on VLAN 10 cannot ping default gateway 192.168.10.1. Local switch interface shows orange amber blinking LED. We have already attempted rebooting the system, but the problem persists.",Network,Critical
40,Help needed: Guest contractor account extension required,Contractor engagement for vendor QA has been extended by 30 days. Need their account expiration date extended in Active Directory. This is severely impacting our daily operations and client deliverable deadlines.,Help needed: Guest contractor account extension required. Contractor engagement for vendor QA has been extended by 30 days. Need their account expiration date extended in Active Directory. This is severely impacting our daily operations and client deliverable deadlines.,Account,Medium
41,Urgent: Subscription renewal failed due to expired corporate card,Received notification that our monthly SaaS subscription failed to renew because card ending in 4012 is expired. Need to update payment method. This issue started occurring after the system maintenance yesterday.,Urgent: Subscription renewal failed due to expired corporate card. Received notification that our monthly SaaS subscription failed to renew because card ending in 4012 is expired. Need to update payment method. This issue started occurring after the system maintenance yesterday.,Payment,High
42,Urgent: Windows 11 update stuck at 78% loop,"Cumulative update KB5034441 has been stuck at 78% for 4 hours. Rebooting causes the system to attempt rollback and install again in an endless loop. We have already attempted rebooting the system, but the problem persists.","Urgent: Windows 11 update stuck at 78% loop. Cumulative update KB5034441 has been stuck at 78% for 4 hours. Rebooting causes the system to attempt rollback and install again in an endless loop. We have already attempted rebooting the system, but the problem persists.",Software,High
43,Urgent: Proxy server authentication pop-up loop,"Browser continuously prompts for proxy credentials every time a new website is navigated, rejecting valid domain credentials.","Urgent: Proxy server authentication pop-up loop. Browser continuously prompts for proxy credentials every time a new website is navigated, rejecting valid domain credentials.",Network,Medium
44,Urgent: Windows 11 update stuck at 78% loop,Cumulative update KB5034441 has been stuck at 78% for 4 hours. Rebooting causes the system to attempt rollback and install again in an endless loop.,Urgent: Windows 11 update stuck at 78% loop. Cumulative update KB5034441 has been stuck at 78% for 4 hours. Rebooting causes the system to attempt rollback and install again in an endless loop.,Software,High
45,Missing VCRUNTIME140.dll error on launch,Unable to run corporate ERP application. System error pop-up states: 'The code execution cannot proceed because VCRUNTIME140.dll was not found'. Please advise on immediate troubleshooting steps or dispatch a technician.,Missing VCRUNTIME140.dll error on launch. Unable to run corporate ERP application. System error pop-up states: 'The code execution cannot proceed because VCRUNTIME140.dll was not found'. Please advise on immediate troubleshooting steps or dispatch a technician.,Software,Medium
46,Power supply unit burning smell,Desktop PC suddenly lost power and emitted a faint electrical burning odor. System refuses to turn on when power button is pressed. No motherboard LEDs lit.,Power supply unit burning smell. Desktop PC suddenly lost power and emitted a faint electrical burning odor. System refuses to turn on when power button is pressed. No motherboard LEDs lit.,Hardware,Critical
47,File upload API failing for files larger than 10MB,Attempting to attach 15MB diagnostic logs throws '413 Request Entity Too Large' from reverse proxy Nginx configuration. Several other team members in our department are facing the exact same problem.,File upload API failing for files larger than 10MB. Attempting to attach 15MB diagnostic logs throws '413 Request Entity Too Large' from reverse proxy Nginx configuration. Several other team members in our department are facing the exact same problem.,Technical Issue,Medium
48,Help needed: Cannot update security challenge questions,"Account settings page throws error 500 when saving new security verification questions for password self-recovery. We have already attempted rebooting the system, but the problem persists.","Help needed: Cannot update security challenge questions. Account settings page throws error 500 when saving new security verification questions for password self-recovery. We have already attempted rebooting the system, but the problem persists.",Account,Low
49,Urgent: Cannot update security challenge questions,Account settings page throws error 500 when saving new security verification questions for password self-recovery. Several other team members in our department are facing the exact same problem.,Urgent: Cannot update security challenge questions. Account settings page throws error 500 when saving new security verification questions for password self-recovery. Several other team members in our department are facing the exact same problem.,Account,Low
50,[Issue] Frequent dropped calls on Microsoft Teams,Teams voice and video calls consistently stutter and disconnect with warning 'Your network is causing poor call quality'. Tested across multiple workstations and the behavior is completely reproducible.,[Issue] Frequent dropped calls on Microsoft Teams. Teams voice and video calls consistently stutter and disconnect with warning 'Your network is causing poor call quality'. Tested across multiple workstations and the behavior is completely reproducible.,Network,Medium
51,Session timeout too aggressive kicking out every 5 minutes - Request assistance,"Web portal logs me out every 5 minutes with 'Session Expired', forcing constant MFA re-authentication while working. Please advise on immediate troubleshooting steps or dispatch a technician.","Session timeout too aggressive kicking out every 5 minutes - Request assistance. Web portal logs me out every 5 minutes with 'Session Expired', forcing constant MFA re-authentication while working. Please advise on immediate troubleshooting steps or dispatch a technician.",Account,Low
52,Cron job for SLA breach calculation not triggering,Scheduled cron task responsible for marking overdue tickets as 'SLA BREACHED' failed to execute for the last 6 hours. Please advise on immediate troubleshooting steps or dispatch a technician.,Cron job for SLA breach calculation not triggering. Scheduled cron task responsible for marking overdue tickets as 'SLA BREACHED' failed to execute for the last 6 hours. Please advise on immediate troubleshooting steps or dispatch a technician.,Technical Issue,High
53,High latency spike to Europe branch office - Request assistance,"Site-to-site IPsec VPN tunnel between US and EU offices experiencing 450ms latency, causing database replication delays.","High latency spike to Europe branch office - Request assistance. Site-to-site IPsec VPN tunnel between US and EU offices experiencing 450ms latency, causing database replication delays.",Network,High
54,Help needed: Account deactivated following departmental transfer,My Active Directory account was accidentally marked as disabled during my transfer from Support to Engineering. Cannot access workstation. This is severely impacting our daily operations and client deliverable deadlines.,Help needed: Account deactivated following departmental transfer. My Active Directory account was accidentally marked as disabled during my transfer from Support to Engineering. Cannot access workstation. This is severely impacting our daily operations and client deliverable deadlines.,Account,Critical
55,Missing VCRUNTIME140.dll error on launch - Request assistance,Unable to run corporate ERP application. System error pop-up states: 'The code execution cannot proceed because VCRUNTIME140.dll was not found'. Urgent assistance required as this is blocking our production workflow.,Missing VCRUNTIME140.dll error on launch - Request assistance. Unable to run corporate ERP application. System error pop-up states: 'The code execution cannot proceed because VCRUNTIME140.dll was not found'. Urgent assistance required as this is blocking our production workflow.,Software,High
56,Excel crashes when opening large pivot table,"Microsoft Excel 365 freezes and abruptly crashes whenever I open our quarterly sales workbook containing 80,000 rows. Event Viewer logs faulting module ntdll.dll. This issue started occurring after the system maintenance yesterday.","Excel crashes when opening large pivot table. Microsoft Excel 365 freezes and abruptly crashes whenever I open our quarterly sales workbook containing 80,000 rows. Event Viewer logs faulting module ntdll.dll. This issue started occurring after the system maintenance yesterday.",Software,High
57,[Issue] Blue screen of death SYSTEM_SERVICE_EXCEPTION,"Receiving random BSODs twice daily pointing to win32kfull.sys during normal web browsing and word processing. We have already attempted rebooting the system, but the problem persists.","[Issue] Blue screen of death SYSTEM_SERVICE_EXCEPTION. Receiving random BSODs twice daily pointing to win32kfull.sys during normal web browsing and word processing. We have already attempted rebooting the system, but the problem persists.",Software,Critical
58,Laptop display flickering violently,The built-in screen on my Dell Latitude keeps flickering whenever I adjust the hinge. It goes completely black for a few seconds. Need a replacement or cable check. Please advise on immediate troubleshooting steps or dispatch a technician.,Laptop display flickering violently. The built-in screen on my Dell Latitude keeps flickering whenever I adjust the hinge. It goes completely black for a few seconds. Need a replacement or cable check. Please advise on immediate troubleshooting steps or dispatch a technician.,Hardware,High
59,[Issue] New employee onboarding credentials not received,New software engineer starts today but has not received their initial login credentials or temporary password for company email. This is severely impacting our daily operations and client deliverable deadlines.,[Issue] New employee onboarding credentials not received. New software engineer starts today but has not received their initial login credentials or temporary password for company email. This is severely impacting our daily operations and client deliverable deadlines.,Account,High
60,Urgent: Need annual prepayment invoice for bulk discount,We would like to switch from monthly billing to annual prepayment to take advantage of the 20% discount. Please generate the invoice. Logs and system diagnostic details have been captured and can be provided upon request.,Urgent: Need annual prepayment invoice for bulk discount. We would like to switch from monthly billing to annual prepayment to take advantage of the 20% discount. Please generate the invoice. Logs and system diagnostic details have been captured and can be provided upon request.,Payment,Medium
61,Help needed: File upload API failing for files larger than 10MB,Attempting to attach 15MB diagnostic logs throws '413 Request Entity Too Large' from reverse proxy Nginx configuration.,Help needed: File upload API failing for files larger than 10MB. Attempting to attach 15MB diagnostic logs throws '413 Request Entity Too Large' from reverse proxy Nginx configuration.,Technical Issue,Medium
62,Urgent: Password reset link expired before use,"Requested a self-service password reset email, but clicking the token link gives error 'Reset token has expired'. Please send a fresh reset link. This issue started occurring after the system maintenance yesterday.","Urgent: Password reset link expired before use. Requested a self-service password reset email, but clicking the token link gives error 'Reset token has expired'. Please send a fresh reset link. This issue started occurring after the system maintenance yesterday.",Account,Medium
63,Urgent: RAM memory failure causing BSOD,Computer crashed three times today with MEMORY_MANAGEMENT blue screen. Windows Memory Diagnostic tool reported hardware memory problems detected. Please advise on immediate troubleshooting steps or dispatch a technician.,Urgent: RAM memory failure causing BSOD. Computer crashed three times today with MEMORY_MANAGEMENT blue screen. Windows Memory Diagnostic tool reported hardware memory problems detected. Please advise on immediate troubleshooting steps or dispatch a technician.,Hardware,High
64,Billing currency incorrect charged in EUR instead of USD,"Our master services agreement stipulates USD billing, but latest charge came through as 499 EUR with high foreign exchange fees. Several other team members in our department are facing the exact same problem.","Billing currency incorrect charged in EUR instead of USD. Our master services agreement stipulates USD billing, but latest charge came through as 499 EUR with high foreign exchange fees. Several other team members in our department are facing the exact same problem.",Payment,Medium
65,Urgent: External monitor not detected via HDMI,Connected an LG 27-inch monitor to my workstation using HDMI cable. Display settings show 'No Signal detected'. Tried another cable but issue persists. Logs and system diagnostic details have been captured and can be provided upon request.,Urgent: External monitor not detected via HDMI. Connected an LG 27-inch monitor to my workstation using HDMI cable. Display settings show 'No Signal detected'. Tried another cable but issue persists. Logs and system diagnostic details have been captured and can be provided upon request.,Hardware,Medium
66,Help needed: Missing VCRUNTIME140.dll error on launch,Unable to run corporate ERP application. System error pop-up states: 'The code execution cannot proceed because VCRUNTIME140.dll was not found'. Logs and system diagnostic details have been captured and can be provided upon request.,Help needed: Missing VCRUNTIME140.dll error on launch. Unable to run corporate ERP application. System error pop-up states: 'The code execution cannot proceed because VCRUNTIME140.dll was not found'. Logs and system diagnostic details have been captured and can be provided upon request.,Software,Medium
67,Router gateway unreachable on subnet 192.168.10.0 - Request assistance,Workstations on VLAN 10 cannot ping default gateway 192.168.10.1. Local switch interface shows orange amber blinking LED. Tested across multiple workstations and the behavior is completely reproducible.,Router gateway unreachable on subnet 192.168.10.0 - Request assistance. Workstations on VLAN 10 cannot ping default gateway 192.168.10.1. Local switch interface shows orange amber blinking LED. Tested across multiple workstations and the behavior is completely reproducible.,Network,Critical
68,Help needed: Headset microphone not picking up audio,"Jabra USB headset audio output works fine, but teammates cannot hear me in Zoom or Teams meetings. Tested mic on Windows Sound settings with 0% input level. Please advise on immediate troubleshooting steps or dispatch a technician.","Help needed: Headset microphone not picking up audio. Jabra USB headset audio output works fine, but teammates cannot hear me in Zoom or Teams meetings. Tested mic on Windows Sound settings with 0% input level. Please advise on immediate troubleshooting steps or dispatch a technician.",Hardware,Low
69,Urgent: Cannot update security challenge questions,Account settings page throws error 500 when saving new security verification questions for password self-recovery. This is severely impacting our daily operations and client deliverable deadlines.,Urgent: Cannot update security challenge questions. Account settings page throws error 500 when saving new security verification questions for password self-recovery. This is severely impacting our daily operations and client deliverable deadlines.,Account,Low
70,Session timeout too aggressive kicking out every 5 minutes,"Web portal logs me out every 5 minutes with 'Session Expired', forcing constant MFA re-authentication while working. Please advise on immediate troubleshooting steps or dispatch a technician.","Session timeout too aggressive kicking out every 5 minutes. Web portal logs me out every 5 minutes with 'Session Expired', forcing constant MFA re-authentication while working. Please advise on immediate troubleshooting steps or dispatch a technician.",Account,Low
71,Urgent: Ethernet wall jack physically damaged,RJ-45 wall port at cubicle 42 has broken pins inside. Patch cable will not click securely into place and link light does not turn on. Urgent assistance required as this is blocking our production workflow.,Urgent: Ethernet wall jack physically damaged. RJ-45 wall port at cubicle 42 has broken pins inside. Patch cable will not click securely into place and link light does not turn on. Urgent assistance required as this is blocking our production workflow.,Network,High
72,Guest contractor account extension required - Request assistance,"Contractor engagement for vendor QA has been extended by 30 days. Need their account expiration date extended in Active Directory. We have already attempted rebooting the system, but the problem persists.","Guest contractor account extension required - Request assistance. Contractor engagement for vendor QA has been extended by 30 days. Need their account expiration date extended in Active Directory. We have already attempted rebooting the system, but the problem persists.",Account,Medium
73,[Issue] High latency spike to Europe branch office,"Site-to-site IPsec VPN tunnel between US and EU offices experiencing 450ms latency, causing database replication delays. This issue started occurring after the system maintenance yesterday.","[Issue] High latency spike to Europe branch office. Site-to-site IPsec VPN tunnel between US and EU offices experiencing 450ms latency, causing database replication delays. This issue started occurring after the system maintenance yesterday.",Network,High
74,Cannot access shared network drive Z: - Request assistance,File Explorer reports 'The network path was not found' when trying to open mapped network drive \\fileserver01\finance. Other users can access it. Several other team members in our department are facing the exact same problem.,Cannot access shared network drive Z: - Request assistance. File Explorer reports 'The network path was not found' when trying to open mapped network drive \\fileserver01\finance. Other users can access it. Several other team members in our department are facing the exact same problem.,Network,Medium
75,REST API returning HTTP 500 Internal Server Error - Request assistance,Calls to endpoint /api/v2/orders/batch are consistently failing with HTTP 500 Internal Server Error. Response payload contains uncaught NullPointerException. Please advise on immediate troubleshooting steps or dispatch a technician.,REST API returning HTTP 500 Internal Server Error - Request assistance. Calls to endpoint /api/v2/orders/batch are consistently failing with HTTP 500 Internal Server Error. Response payload contains uncaught NullPointerException. Please advise on immediate troubleshooting steps or dispatch a technician.,Technical Issue,Critical
76,Software license activation key invalid - Request assistance,"Reinstalled AutoCAD on my new machine, but the company serial number produces error 'Registration-Activation Error (0015.111)'. Need license reactivation. Logs and system diagnostic details have been captured and can be provided upon request.","Software license activation key invalid - Request assistance. Reinstalled AutoCAD on my new machine, but the company serial number produces error 'Registration-Activation Error (0015.111)'. Need license reactivation. Logs and system diagnostic details have been captured and can be provided upon request.",Software,Medium
77,Urgent: Prorated refund request after seat reduction,We downgraded our team plan from 50 seats to 25 seats at the beginning of the billing cycle. Requesting prorated credit or refund for unused seats. This is severely impacting our daily operations and client deliverable deadlines.,Urgent: Prorated refund request after seat reduction. We downgraded our team plan from 50 seats to 25 seats at the beginning of the billing cycle. Requesting prorated credit or refund for unused seats. This is severely impacting our daily operations and client deliverable deadlines.,Payment,Medium
78,[Issue] Access denied permission required for marketing share,Transferred to the Brand Marketing team but receive 'You do not have permission to view this directory' when opening the Marketing Google Drive / SharePoint. Urgent assistance required as this is blocking our production workflow.,[Issue] Access denied permission required for marketing share. Transferred to the Brand Marketing team but receive 'You do not have permission to view this directory' when opening the Marketing Google Drive / SharePoint. Urgent assistance required as this is blocking our production workflow.,Account,High
79,Webhook delivery failing with HTTP 404 response,Webhook notifications for event 'ticket.resolved' fail with status 404 to our endpoint https://crm.company.com/webhook. Headers show missing HMAC signature. This is severely impacting our daily operations and client deliverable deadlines.,Webhook delivery failing with HTTP 404 response. Webhook notifications for event 'ticket.resolved' fail with status 404 to our endpoint https://crm.company.com/webhook. Headers show missing HMAC signature. This is severely impacting our daily operations and client deliverable deadlines.,Technical Issue,High
80,Hard drive clicking noise and I/O error - Request assistance,Secondary internal 1TB Seagate drive is producing rhythmic clicking noises. Windows Explorer freezes and throws 'The request failed due to a fatal device hardware error'. Several other team members in our department are facing the exact same problem.,Hard drive clicking noise and I/O error - Request assistance. Secondary internal 1TB Seagate drive is producing rhythmic clicking noises. Windows Explorer freezes and throws 'The request failed due to a fatal device hardware error'. Several other team members in our department are facing the exact same problem.,Hardware,High
81,Help needed: Router gateway unreachable on subnet 192.168.10.0,"Workstations on VLAN 10 cannot ping default gateway 192.168.10.1. Local switch interface shows orange amber blinking LED. We noticed this error intermittently over the past week, but now it occurs constantly.","Help needed: Router gateway unreachable on subnet 192.168.10.0. Workstations on VLAN 10 cannot ping default gateway 192.168.10.1. Local switch interface shows orange amber blinking LED. We noticed this error intermittently over the past week, but now it occurs constantly.",Network,Critical
82,File upload API failing for files larger than 10MB,Attempting to attach 15MB diagnostic logs throws '413 Request Entity Too Large' from reverse proxy Nginx configuration. Tested across multiple workstations and the behavior is completely reproducible.,File upload API failing for files larger than 10MB. Attempting to attach 15MB diagnostic logs throws '413 Request Entity Too Large' from reverse proxy Nginx configuration. Tested across multiple workstations and the behavior is completely reproducible.,Technical Issue,Medium
83,Garbled UTF-8 character encoding in exported reports - Request assistance,Exported customer names with accents or non-ASCII characters display as 'Ã©' instead of 'é' due to missing charset header in API response. This issue started occurring after the system maintenance yesterday.,Garbled UTF-8 character encoding in exported reports - Request assistance. Exported customer names with accents or non-ASCII characters display as 'Ã©' instead of 'é' due to missing charset header in API response. This issue started occurring after the system maintenance yesterday.,Technical Issue,Low
84,Urgent: Headset microphone not picking up audio,"Jabra USB headset audio output works fine, but teammates cannot hear me in Zoom or Teams meetings. Tested mic on Windows Sound settings with 0% input level. Urgent assistance required as this is blocking our production workflow.","Urgent: Headset microphone not picking up audio. Jabra USB headset audio output works fine, but teammates cannot hear me in Zoom or Teams meetings. Tested mic on Windows Sound settings with 0% input level. Urgent assistance required as this is blocking our production workflow.",Hardware,High
85,Urgent: Slow network bandwidth and high packet loss,Upload and download speeds on wired ethernet are capped under 2 Mbps instead of the Gigabit link. Ping tests show 35% packet loss to local gateway. Please advise on immediate troubleshooting steps or dispatch a technician.,Urgent: Slow network bandwidth and high packet loss. Upload and download speeds on wired ethernet are capped under 2 Mbps instead of the Gigabit link. Ping tests show 35% packet loss to local gateway. Please advise on immediate troubleshooting steps or dispatch a technician.,Network,High
86,Wireless mouse cursor jumping erratically - Request assistance,The Logitech wireless mouse cursor stutters across the screen and skips pixels even with fresh AA batteries. Mousepad is clean. Logs and system diagnostic details have been captured and can be provided upon request.,Wireless mouse cursor jumping erratically - Request assistance. The Logitech wireless mouse cursor stutters across the screen and skips pixels even with fresh AA batteries. Mousepad is clean. Logs and system diagnostic details have been captured and can be provided upon request.,Hardware,Low
87,Subscription auto-renewed after cancellation notice,"Submitted cancellation request 10 days before renewal date, but our credit card was still charged $299 this morning. Requesting full cancellation and refund. Several other team members in our department are facing the exact same problem.","Subscription auto-renewed after cancellation notice. Submitted cancellation request 10 days before renewal date, but our credit card was still charged $299 this morning. Requesting full cancellation and refund. Several other team members in our department are facing the exact same problem.",Payment,High
88,Frequent dropped calls on Microsoft Teams - Request assistance,Teams voice and video calls consistently stutter and disconnect with warning 'Your network is causing poor call quality'. This is severely impacting our daily operations and client deliverable deadlines.,Frequent dropped calls on Microsoft Teams - Request assistance. Teams voice and video calls consistently stutter and disconnect with warning 'Your network is causing poor call quality'. This is severely impacting our daily operations and client deliverable deadlines.,Network,Medium
89,Help needed: Requesting official VAT invoice for tax filing,Need an itemized PDF tax invoice containing our European VAT registration number (DE123456789) for our August subscription payment. This issue started occurring after the system maintenance yesterday.,Help needed: Requesting official VAT invoice for tax filing. Need an itemized PDF tax invoice containing our European VAT registration number (DE123456789) for our August subscription payment. This issue started occurring after the system maintenance yesterday.,Payment,Low
90,Help needed: VPN client software fails to initialize virtual adapter,GlobalProtect / OpenVPN agent displays 'Failed to create virtual network adapter' during startup sequence. Reinstalling network drivers did not help. Logs and system diagnostic details have been captured and can be provided upon request.,Help needed: VPN client software fails to initialize virtual adapter. GlobalProtect / OpenVPN agent displays 'Failed to create virtual network adapter' during startup sequence. Reinstalling network drivers did not help. Logs and system diagnostic details have been captured and can be provided upon request.,Software,High
91,Stripe checkout payment gateway throwing error 402 - Request assistance,"When attempting to pay invoice online, checkout modal throws error 'Payment Required: card_declined'. Bank confirms no block on our end. Several other team members in our department are facing the exact same problem.","Stripe checkout payment gateway throwing error 402 - Request assistance. When attempting to pay invoice online, checkout modal throws error 'Payment Required: card_declined'. Bank confirms no block on our end. Several other team members in our department are facing the exact same problem.",Payment,High
92,External monitor not detected via HDMI,"Connected an LG 27-inch monitor to my workstation using HDMI cable. Display settings show 'No Signal detected'. Tried another cable but issue persists. We have already attempted rebooting the system, but the problem persists.","External monitor not detected via HDMI. Connected an LG 27-inch monitor to my workstation using HDMI cable. Display settings show 'No Signal detected'. Tried another cable but issue persists. We have already attempted rebooting the system, but the problem persists.",Hardware,Medium
93,Help needed: Cron job for SLA breach calculation not triggering,"Scheduled cron task responsible for marking overdue tickets as 'SLA BREACHED' failed to execute for the last 6 hours. We noticed this error intermittently over the past week, but now it occurs constantly.","Help needed: Cron job for SLA breach calculation not triggering. Scheduled cron task responsible for marking overdue tickets as 'SLA BREACHED' failed to execute for the last 6 hours. We noticed this error intermittently over the past week, but now it occurs constantly.",Technical Issue,High
94,Urgent: SSL certificate error visiting company intranet,Web browsers display NET::ERR_CERT_COMMON_NAME_INVALID when accessing internal wiki. Certificate appears expired as of yesterday. Please advise on immediate troubleshooting steps or dispatch a technician.,Urgent: SSL certificate error visiting company intranet. Web browsers display NET::ERR_CERT_COMMON_NAME_INVALID when accessing internal wiki. Certificate appears expired as of yesterday. Please advise on immediate troubleshooting steps or dispatch a technician.,Network,High
95,User account locked out after failed password attempts - Request assistance,Entered incorrect password on Monday morning and now my domain account is locked out. Need admin to unlock in Active Directory so I can login. Tested across multiple workstations and the behavior is completely reproducible.,User account locked out after failed password attempts - Request assistance. Entered incorrect password on Monday morning and now my domain account is locked out. Need admin to unlock in Active Directory so I can login. Tested across multiple workstations and the behavior is completely reproducible.,Account,High
96,Help needed: Wireless mouse cursor jumping erratically,The Logitech wireless mouse cursor stutters across the screen and skips pixels even with fresh AA batteries. Mousepad is clean. Urgent assistance required as this is blocking our production workflow.,Help needed: Wireless mouse cursor jumping erratically. The Logitech wireless mouse cursor stutters across the screen and skips pixels even with fresh AA batteries. Mousepad is clean. Urgent assistance required as this is blocking our production workflow.,Hardware,High
97,Help needed: Requesting official VAT invoice for tax filing,Need an itemized PDF tax invoice containing our European VAT registration number (DE123456789) for our August subscription payment. Please advise on immediate troubleshooting steps or dispatch a technician.,Help needed: Requesting official VAT invoice for tax filing. Need an itemized PDF tax invoice containing our European VAT registration number (DE123456789) for our August subscription payment. Please advise on immediate troubleshooting steps or dispatch a technician.,Payment,Low
98,Proxy server authentication pop-up loop,"Browser continuously prompts for proxy credentials every time a new website is navigated, rejecting valid domain credentials.","Proxy server authentication pop-up loop. Browser continuously prompts for proxy credentials every time a new website is navigated, rejecting valid domain credentials.",Network,Medium
99,Urgent: VPN client software fails to initialize virtual adapter,GlobalProtect / OpenVPN agent displays 'Failed to create virtual network adapter' during startup sequence. Reinstalling network drivers did not help. Several other team members in our department are facing the exact same problem.,Urgent: VPN client software fails to initialize virtual adapter. GlobalProtect / OpenVPN agent displays 'Failed to create virtual network adapter' during startup sequence. Reinstalling network drivers did not help. Several other team members in our department are facing the exact same problem.,Software,High
100,RAM memory failure causing BSOD - Request assistance,Computer crashed three times today with MEMORY_MANAGEMENT blue screen. Windows Memory Diagnostic tool reported hardware memory problems detected. Urgent assistance required as this is blocking our production workflow.,RAM memory failure causing BSOD - Request assistance. Computer crashed three times today with MEMORY_MANAGEMENT blue screen. Windows Memory Diagnostic tool reported hardware memory problems detected. Urgent assistance required as this is blocking our production workflow.,Hardware,High
101,Wireless mouse cursor jumping erratically,The Logitech wireless mouse cursor stutters across the screen and skips pixels even with fresh AA batteries. Mousepad is clean. This issue started occurring after the system maintenance yesterday.,Wireless mouse cursor jumping erratically. The Logitech wireless mouse cursor stutters across the screen and skips pixels even with fresh AA batteries. Mousepad is clean. This issue started occurring after the system maintenance yesterday.,Hardware,Low
102,SSL certificate error visiting company intranet - Request assistance,"Web browsers display NET::ERR_CERT_COMMON_NAME_INVALID when accessing internal wiki. Certificate appears expired as of yesterday. We noticed this error intermittently over the past week, but now it occurs constantly.","SSL certificate error visiting company intranet - Request assistance. Web browsers display NET::ERR_CERT_COMMON_NAME_INVALID when accessing internal wiki. Certificate appears expired as of yesterday. We noticed this error intermittently over the past week, but now it occurs constantly.",Network,High
103,Help needed: Windows 11 update stuck at 78% loop,Cumulative update KB5034441 has been stuck at 78% for 4 hours. Rebooting causes the system to attempt rollback and install again in an endless loop. This is severely impacting our daily operations and client deliverable deadlines.,Help needed: Windows 11 update stuck at 78% loop. Cumulative update KB5034441 has been stuck at 78% for 4 hours. Rebooting causes the system to attempt rollback and install again in an endless loop. This is severely impacting our daily operations and client deliverable deadlines.,Software,High
104,Urgent: Memory consumption on API container growing continuously,"Docker container memory usage rises from 200MB to 3.8GB over 48 hours without releasing, indicating a memory leak in the connection pool. Urgent assistance required as this is blocking our production workflow.","Urgent: Memory consumption on API container growing continuously. Docker container memory usage rises from 200MB to 3.8GB over 48 hours without releasing, indicating a memory leak in the connection pool. Urgent assistance required as this is blocking our production workflow.",Technical Issue,High
105,Invoice shows incorrect billing address and company name - Request assistance,The billing address on invoice INV-2026-0889 lists our old office address in London instead of our new headquarters in Manchester. Please reissue. Please advise on immediate troubleshooting steps or dispatch a technician.,Invoice shows incorrect billing address and company name - Request assistance. The billing address on invoice INV-2026-0889 lists our old office address in London instead of our new headquarters in Manchester. Please reissue. Please advise on immediate troubleshooting steps or dispatch a technician.,Payment,Low
106,Help needed: VPN client software fails to initialize virtual adapter,GlobalProtect / OpenVPN agent displays 'Failed to create virtual network adapter' during startup sequence. Reinstalling network drivers did not help. Tested across multiple workstations and the behavior is completely reproducible.,Help needed: VPN client software fails to initialize virtual adapter. GlobalProtect / OpenVPN agent displays 'Failed to create virtual network adapter' during startup sequence. Reinstalling network drivers did not help. Tested across multiple workstations and the behavior is completely reproducible.,Software,High
107,Help needed: Laptop battery swelling and trackpad lifting,"Noticeable bulge beneath the trackpad on my ThinkPad. The touchpad is physically displaced. Battery is dangerously swollen and won't hold charge. We noticed this error intermittently over the past week, but now it occurs constantly.","Help needed: Laptop battery swelling and trackpad lifting. Noticeable bulge beneath the trackpad on my ThinkPad. The touchpad is physically displaced. Battery is dangerously swollen and won't hold charge. We noticed this error intermittently over the past week, but now it occurs constantly.",Hardware,Critical
108,Password reset link expired before use,"Requested a self-service password reset email, but clicking the token link gives error 'Reset token has expired'. Please send a fresh reset link. Several other team members in our department are facing the exact same problem.","Password reset link expired before use. Requested a self-service password reset email, but clicking the token link gives error 'Reset token has expired'. Please send a fresh reset link. Several other team members in our department are facing the exact same problem.",Account,Medium
109,Urgent: Frequent dropped calls on Microsoft Teams,Teams voice and video calls consistently stutter and disconnect with warning 'Your network is causing poor call quality'. Urgent assistance required as this is blocking our production workflow.,Urgent: Frequent dropped calls on Microsoft Teams. Teams voice and video calls consistently stutter and disconnect with warning 'Your network is causing poor call quality'. Urgent assistance required as this is blocking our production workflow.,Network,High
110,Laptop battery swelling and trackpad lifting - Request assistance,Noticeable bulge beneath the trackpad on my ThinkPad. The touchpad is physically displaced. Battery is dangerously swollen and won't hold charge. This issue started occurring after the system maintenance yesterday.,Laptop battery swelling and trackpad lifting - Request assistance. Noticeable bulge beneath the trackpad on my ThinkPad. The touchpad is physically displaced. Battery is dangerously swollen and won't hold charge. This issue started occurring after the system maintenance yesterday.,Hardware,Critical
111,Role-based access escalation for database analyst,Need read-only SELECT permissions granted on the production analytics replica database for quarterly compliance audit. Urgent assistance required as this is blocking our production workflow.,Role-based access escalation for database analyst. Need read-only SELECT permissions granted on the production analytics replica database for quarterly compliance audit. Urgent assistance required as this is blocking our production workflow.,Account,High
112,Remove access for departing employee immediately,"Employee has resigned effective immediately today. Please disable AD account, revoke OAuth tokens, and forward emails to manager. Urgent assistance required as this is blocking our production workflow.","Remove access for departing employee immediately. Employee has resigned effective immediately today. Please disable AD account, revoke OAuth tokens, and forward emails to manager. Urgent assistance required as this is blocking our production workflow.",Account,Critical
113,Help needed: Wireless mouse cursor jumping erratically,The Logitech wireless mouse cursor stutters across the screen and skips pixels even with fresh AA batteries. Mousepad is clean. This issue started occurring after the system maintenance yesterday.,Help needed: Wireless mouse cursor jumping erratically. The Logitech wireless mouse cursor stutters across the screen and skips pixels even with fresh AA batteries. Mousepad is clean. This issue started occurring after the system maintenance yesterday.,Hardware,Low
114,Help needed: Account deactivated following departmental transfer,My Active Directory account was accidentally marked as disabled during my transfer from Support to Engineering. Cannot access workstation. Several other team members in our department are facing the exact same problem.,Help needed: Account deactivated following departmental transfer. My Active Directory account was accidentally marked as disabled during my transfer from Support to Engineering. Cannot access workstation. Several other team members in our department are facing the exact same problem.,Account,Critical
115,Urgent: SSL handshake failure between microservices,Service mesh communication failed with 'SSL: CERTIFICATE_VERIFY_FAILED: certificate has expired' between billing and user services. Several other team members in our department are facing the exact same problem.,Urgent: SSL handshake failure between microservices. Service mesh communication failed with 'SSL: CERTIFICATE_VERIFY_FAILED: certificate has expired' between billing and user services. Several other team members in our department are facing the exact same problem.,Technical Issue,Critical
116,Urgent: Laser printer paper jam in tray 2,"The HP LaserJet printer on the 3rd floor has a continuous paper jam error. Opened tray 2 and cleared paper, but roller error indicator remains red. Several other team members in our department are facing the exact same problem.","Urgent: Laser printer paper jam in tray 2. The HP LaserJet printer on the 3rd floor has a continuous paper jam error. Opened tray 2 and cleared paper, but roller error indicator remains red. Several other team members in our department are facing the exact same problem.",Hardware,Medium
117,Touchscreen digitizer ghost touches - Request assistance,"Surface tablet screen is registering touches in the upper right corner on its own, making it impossible to click anywhere else. This issue started occurring after the system maintenance yesterday.","Touchscreen digitizer ghost touches - Request assistance. Surface tablet screen is registering touches in the upper right corner on its own, making it impossible to click anywhere else. This issue started occurring after the system maintenance yesterday.",Hardware,Medium
118,Failed charge penalty fee charged in error - Request assistance,"Account statement includes a $25 late payment penalty fee, but our automatic debit was authorized before the due date. Please waive fee. Tested across multiple workstations and the behavior is completely reproducible.","Failed charge penalty fee charged in error - Request assistance. Account statement includes a $25 late payment penalty fee, but our automatic debit was authorized before the due date. Please waive fee. Tested across multiple workstations and the behavior is completely reproducible.",Payment,Low
119,Help needed: Database deadlock detected in transaction execution,Deadlock found when trying to get lock on table Ticket_Comments during concurrent status update. Transaction was aborted by database engine. This is severely impacting our daily operations and client deliverable deadlines.,Help needed: Database deadlock detected in transaction execution. Deadlock found when trying to get lock on table Ticket_Comments during concurrent status update. Transaction was aborted by database engine. This is severely impacting our daily operations and client deliverable deadlines.,Technical Issue,High
120,Help needed: Credit card charged twice for annual subscription,"Our company credit card was charged $1,200 twice on September 15th for the annual enterprise license. Please reverse the duplicate transaction. We have already attempted rebooting the system, but the problem persists.","Help needed: Credit card charged twice for annual subscription. Our company credit card was charged $1,200 twice on September 15th for the annual enterprise license. Please reverse the duplicate transaction. We have already attempted rebooting the system, but the problem persists.",Payment,High
121,[Issue] Need annual prepayment invoice for bulk discount,We would like to switch from monthly billing to annual prepayment to take advantage of the 20% discount. Please generate the invoice. This is severely impacting our daily operations and client deliverable deadlines.,[Issue] Need annual prepayment invoice for bulk discount. We would like to switch from monthly billing to annual prepayment to take advantage of the 20% discount. Please generate the invoice. This is severely impacting our daily operations and client deliverable deadlines.,Payment,Medium
122,[Issue] New employee onboarding credentials not received,New software engineer starts today but has not received their initial login credentials or temporary password for company email. Please advise on immediate troubleshooting steps or dispatch a technician.,[Issue] New employee onboarding credentials not received. New software engineer starts today but has not received their initial login credentials or temporary password for company email. Please advise on immediate troubleshooting steps or dispatch a technician.,Account,High
123,Headset microphone not picking up audio - Request assistance,"Jabra USB headset audio output works fine, but teammates cannot hear me in Zoom or Teams meetings. Tested mic on Windows Sound settings with 0% input level. Several other team members in our department are facing the exact same problem.","Headset microphone not picking up audio - Request assistance. Jabra USB headset audio output works fine, but teammates cannot hear me in Zoom or Teams meetings. Tested mic on Windows Sound settings with 0% input level. Several other team members in our department are facing the exact same problem.",Hardware,Low
124,Urgent: Wireless mouse cursor jumping erratically,The Logitech wireless mouse cursor stutters across the screen and skips pixels even with fresh AA batteries. Mousepad is clean. Logs and system diagnostic details have been captured and can be provided upon request.,Urgent: Wireless mouse cursor jumping erratically. The Logitech wireless mouse cursor stutters across the screen and skips pixels even with fresh AA batteries. Mousepad is clean. Logs and system diagnostic details have been captured and can be provided upon request.,Hardware,Low
125,Help needed: Adobe Acrobat Reader crashing on PDF sign,"Whenever I attempt to place a digital certificate signature on contract documents, Adobe Acrobat DC closes immediately without an error message. We noticed this error intermittently over the past week, but now it occurs constantly.","Help needed: Adobe Acrobat Reader crashing on PDF sign. Whenever I attempt to place a digital certificate signature on contract documents, Adobe Acrobat DC closes immediately without an error message. We noticed this error intermittently over the past week, but now it occurs constantly.",Software,High
126,Unauthorized login attempt detected from foreign IP - Request assistance,Received security alert email indicating a successful login attempt from an unknown device in Romania. Need immediate password reset and session purge. Several other team members in our department are facing the exact same problem.,Unauthorized login attempt detected from foreign IP - Request assistance. Received security alert email indicating a successful login attempt from an unknown device in Romania. Need immediate password reset and session purge. Several other team members in our department are facing the exact same problem.,Account,Critical
127,Urgent: VPN client software fails to initialize virtual adapter,GlobalProtect / OpenVPN agent displays 'Failed to create virtual network adapter' during startup sequence. Reinstalling network drivers did not help. Urgent assistance required as this is blocking our production workflow.,Urgent: VPN client software fails to initialize virtual adapter. GlobalProtect / OpenVPN agent displays 'Failed to create virtual network adapter' during startup sequence. Reinstalling network drivers did not help. Urgent assistance required as this is blocking our production workflow.,Software,High
128,[Issue] Software license activation key invalid,"Reinstalled AutoCAD on my new machine, but the company serial number produces error 'Registration-Activation Error (0015.111)'. Need license reactivation. Tested across multiple workstations and the behavior is completely reproducible.","[Issue] Software license activation key invalid. Reinstalled AutoCAD on my new machine, but the company serial number produces error 'Registration-Activation Error (0015.111)'. Need license reactivation. Tested across multiple workstations and the behavior is completely reproducible.",Software,Medium
129,[Issue] Search query elasticsearch index synchronization lag,Newly created tickets do not appear in search results for up to 45 minutes. Full-text search indexer seems to be lagging behind database binlog. This is severely impacting our daily operations and client deliverable deadlines.,[Issue] Search query elasticsearch index synchronization lag. Newly created tickets do not appear in search results for up to 45 minutes. Full-text search indexer seems to be lagging behind database binlog. This is severely impacting our daily operations and client deliverable deadlines.,Technical Issue,Medium
130,Urgent: Laser printer paper jam in tray 2,"The HP LaserJet printer on the 3rd floor has a continuous paper jam error. Opened tray 2 and cleared paper, but roller error indicator remains red. Several other team members in our department are facing the exact same problem.","Urgent: Laser printer paper jam in tray 2. The HP LaserJet printer on the 3rd floor has a continuous paper jam error. Opened tray 2 and cleared paper, but roller error indicator remains red. Several other team members in our department are facing the exact same problem.",Hardware,Medium
131,Help needed: Firewall blocking outbound port 443 to cloud storage,"Requests to AWS S3 buckets and GitHub are timing out from our subnet. Security policy appears to be dropping outbound TCP traffic on port 443. We have already attempted rebooting the system, but the problem persists.","Help needed: Firewall blocking outbound port 443 to cloud storage. Requests to AWS S3 buckets and GitHub are timing out from our subnet. Security policy appears to be dropping outbound TCP traffic on port 443. We have already attempted rebooting the system, but the problem persists.",Network,Critical
132,File compression utility producing corrupted archives - Request assistance,7-Zip creates archives that fail CRC checksum validation when extracted on recipient workstations. Error: 'Data error in encrypted file'. Please advise on immediate troubleshooting steps or dispatch a technician.,File compression utility producing corrupted archives - Request assistance. 7-Zip creates archives that fail CRC checksum validation when extracted on recipient workstations. Error: 'Data error in encrypted file'. Please advise on immediate troubleshooting steps or dispatch a technician.,Software,Low
133,Role-based access escalation for database analyst - Request assistance,"Need read-only SELECT permissions granted on the production analytics replica database for quarterly compliance audit. We noticed this error intermittently over the past week, but now it occurs constantly.","Role-based access escalation for database analyst - Request assistance. Need read-only SELECT permissions granted on the production analytics replica database for quarterly compliance audit. We noticed this error intermittently over the past week, but now it occurs constantly.",Account,Medium
134,Help needed: VPN client software fails to initialize virtual adapter,GlobalProtect / OpenVPN agent displays 'Failed to create virtual network adapter' during startup sequence. Reinstalling network drivers did not help. This issue started occurring after the system maintenance yesterday.,Help needed: VPN client software fails to initialize virtual adapter. GlobalProtect / OpenVPN agent displays 'Failed to create virtual network adapter' during startup sequence. Reinstalling network drivers did not help. This issue started occurring after the system maintenance yesterday.,Software,High
135,Urgent: Antivirus blocking legitimate internal tool,Windows Defender / CrowdStrike flagged our internal deployment script as Trojan:Win32/Wacatac and quarantined the binary file.,Urgent: Antivirus blocking legitimate internal tool. Windows Defender / CrowdStrike flagged our internal deployment script as Trojan:Win32/Wacatac and quarantined the binary file.,Software,High
136,[Issue] Search query elasticsearch index synchronization lag,"Newly created tickets do not appear in search results for up to 45 minutes. Full-text search indexer seems to be lagging behind database binlog. We have already attempted rebooting the system, but the problem persists.","[Issue] Search query elasticsearch index synchronization lag. Newly created tickets do not appear in search results for up to 45 minutes. Full-text search indexer seems to be lagging behind database binlog. We have already attempted rebooting the system, but the problem persists.",Technical Issue,Medium
137,Help needed: Guest contractor account extension required,Contractor engagement for vendor QA has been extended by 30 days. Need their account expiration date extended in Active Directory. Several other team members in our department are facing the exact same problem.,Help needed: Guest contractor account extension required. Contractor engagement for vendor QA has been extended by 30 days. Need their account expiration date extended in Active Directory. Several other team members in our department are facing the exact same problem.,Account,Medium
138,[Issue] Slow network bandwidth and high packet loss,Upload and download speeds on wired ethernet are capped under 2 Mbps instead of the Gigabit link. Ping tests show 35% packet loss to local gateway. This is severely impacting our daily operations and client deliverable deadlines.,[Issue] Slow network bandwidth and high packet loss. Upload and download speeds on wired ethernet are capped under 2 Mbps instead of the Gigabit link. Ping tests show 35% packet loss to local gateway. This is severely impacting our daily operations and client deliverable deadlines.,Network,High
139,Search query elasticsearch index synchronization lag - Request assistance,"Newly created tickets do not appear in search results for up to 45 minutes. Full-text search indexer seems to be lagging behind database binlog. We noticed this error intermittently over the past week, but now it occurs constantly.","Search query elasticsearch index synchronization lag - Request assistance. Newly created tickets do not appear in search results for up to 45 minutes. Full-text search indexer seems to be lagging behind database binlog. We noticed this error intermittently over the past week, but now it occurs constantly.",Technical Issue,Medium
140,Corporate VPN disconnecting every 10 minutes,"Connected to the office VPN through Cisco AnyConnect, but the tunnel drops intermittently every 10 to 15 minutes with error: 'Connection terminated locally'. Tested across multiple workstations and the behavior is completely reproducible.","Corporate VPN disconnecting every 10 minutes. Connected to the office VPN through Cisco AnyConnect, but the tunnel drops intermittently every 10 to 15 minutes with error: 'Connection terminated locally'. Tested across multiple workstations and the behavior is completely reproducible.",Network,High
141,Urgent: Subscription auto-renewed after cancellation notice,"Submitted cancellation request 10 days before renewal date, but our credit card was still charged $299 this morning. Requesting full cancellation and refund. Logs and system diagnostic details have been captured and can be provided upon request.","Urgent: Subscription auto-renewed after cancellation notice. Submitted cancellation request 10 days before renewal date, but our credit card was still charged $299 this morning. Requesting full cancellation and refund. Logs and system diagnostic details have been captured and can be provided upon request.",Payment,High
142,[Issue] Need annual prepayment invoice for bulk discount,We would like to switch from monthly billing to annual prepayment to take advantage of the 20% discount. Please generate the invoice.,[Issue] Need annual prepayment invoice for bulk discount. We would like to switch from monthly billing to annual prepayment to take advantage of the 20% discount. Please generate the invoice.,Payment,Medium
143,Memory consumption on API container growing continuously,"Docker container memory usage rises from 200MB to 3.8GB over 48 hours without releasing, indicating a memory leak in the connection pool. We have already attempted rebooting the system, but the problem persists.","Memory consumption on API container growing continuously. Docker container memory usage rises from 200MB to 3.8GB over 48 hours without releasing, indicating a memory leak in the connection pool. We have already attempted rebooting the system, but the problem persists.",Technical Issue,High
144,IP address conflict error on workstation - Request assistance,"Windows notification warning: 'Another computer on this network has the same IP address as this computer'. Network adapter disabled itself. We noticed this error intermittently over the past week, but now it occurs constantly.","IP address conflict error on workstation - Request assistance. Windows notification warning: 'Another computer on this network has the same IP address as this computer'. Network adapter disabled itself. We noticed this error intermittently over the past week, but now it occurs constantly.",Network,Medium
145,Urgent: Laser printer paper jam in tray 2,"The HP LaserJet printer on the 3rd floor has a continuous paper jam error. Opened tray 2 and cleared paper, but roller error indicator remains red. We noticed this error intermittently over the past week, but now it occurs constantly.","Urgent: Laser printer paper jam in tray 2. The HP LaserJet printer on the 3rd floor has a continuous paper jam error. Opened tray 2 and cleared paper, but roller error indicator remains red. We noticed this error intermittently over the past week, but now it occurs constantly.",Hardware,Medium
146,User account locked out after failed password attempts,Entered incorrect password on Monday morning and now my domain account is locked out. Need admin to unlock in Active Directory so I can login. Tested across multiple workstations and the behavior is completely reproducible.,User account locked out after failed password attempts. Entered incorrect password on Monday morning and now my domain account is locked out. Need admin to unlock in Active Directory so I can login. Tested across multiple workstations and the behavior is completely reproducible.,Account,High
147,Power supply unit burning smell,Desktop PC suddenly lost power and emitted a faint electrical burning odor. System refuses to turn on when power button is pressed. No motherboard LEDs lit. Logs and system diagnostic details have been captured and can be provided upon request.,Power supply unit burning smell. Desktop PC suddenly lost power and emitted a faint electrical burning odor. System refuses to turn on when power button is pressed. No motherboard LEDs lit. Logs and system diagnostic details have been captured and can be provided upon request.,Hardware,Critical
148,[Issue] API rate limiting triggered incorrectly on internal services,Internal microservice is receiving HTTP 429 Too Many Requests when communicating with the auth service on the local network. Urgent assistance required as this is blocking our production workflow.,[Issue] API rate limiting triggered incorrectly on internal services. Internal microservice is receiving HTTP 429 Too Many Requests when communicating with the auth service on the local network. Urgent assistance required as this is blocking our production workflow.,Technical Issue,High
149,Urgent: Account deactivated following departmental transfer,My Active Directory account was accidentally marked as disabled during my transfer from Support to Engineering. Cannot access workstation. Please advise on immediate troubleshooting steps or dispatch a technician.,Urgent: Account deactivated following departmental transfer. My Active Directory account was accidentally marked as disabled during my transfer from Support to Engineering. Cannot access workstation. Please advise on immediate troubleshooting steps or dispatch a technician.,Account,Critical
150,Help needed: Database query connection timeout during peak hours,Database connection pool exhausted on master MySQL cluster. Client applications receive 'OperationalError 2006: MySQL server has gone away'. Please advise on immediate troubleshooting steps or dispatch a technician.,Help needed: Database query connection timeout during peak hours. Database connection pool exhausted on master MySQL cluster. Client applications receive 'OperationalError 2006: MySQL server has gone away'. Please advise on immediate troubleshooting steps or dispatch a technician.,Technical Issue,Critical
151,Urgent: File upload API failing for files larger than 10MB,Attempting to attach 15MB diagnostic logs throws '413 Request Entity Too Large' from reverse proxy Nginx configuration. Please advise on immediate troubleshooting steps or dispatch a technician.,Urgent: File upload API failing for files larger than 10MB. Attempting to attach 15MB diagnostic logs throws '413 Request Entity Too Large' from reverse proxy Nginx configuration. Please advise on immediate troubleshooting steps or dispatch a technician.,Technical Issue,Medium
152,Credit card charged twice for annual subscription,"Our company credit card was charged $1,200 twice on September 15th for the annual enterprise license. Please reverse the duplicate transaction. Urgent assistance required as this is blocking our production workflow.","Credit card charged twice for annual subscription. Our company credit card was charged $1,200 twice on September 15th for the annual enterprise license. Please reverse the duplicate transaction. Urgent assistance required as this is blocking our production workflow.",Payment,High
153,Headset microphone not picking up audio,"Jabra USB headset audio output works fine, but teammates cannot hear me in Zoom or Teams meetings. Tested mic on Windows Sound settings with 0% input level. We have already attempted rebooting the system, but the problem persists.","Headset microphone not picking up audio. Jabra USB headset audio output works fine, but teammates cannot hear me in Zoom or Teams meetings. Tested mic on Windows Sound settings with 0% input level. We have already attempted rebooting the system, but the problem persists.",Hardware,Low
154,Firewall blocking outbound port 443 to cloud storage - Request assistance,Requests to AWS S3 buckets and GitHub are timing out from our subnet. Security policy appears to be dropping outbound TCP traffic on port 443. This issue started occurring after the system maintenance yesterday.,Firewall blocking outbound port 443 to cloud storage - Request assistance. Requests to AWS S3 buckets and GitHub are timing out from our subnet. Security policy appears to be dropping outbound TCP traffic on port 443. This issue started occurring after the system maintenance yesterday.,Network,Critical
155,Help needed: Subscription auto-renewed after cancellation notice,"Submitted cancellation request 10 days before renewal date, but our credit card was still charged $299 this morning. Requesting full cancellation and refund. This issue started occurring after the system maintenance yesterday.","Help needed: Subscription auto-renewed after cancellation notice. Submitted cancellation request 10 days before renewal date, but our credit card was still charged $299 this morning. Requesting full cancellation and refund. This issue started occurring after the system maintenance yesterday.",Payment,High
156,File upload API failing for files larger than 10MB - Request assistance,Attempting to attach 15MB diagnostic logs throws '413 Request Entity Too Large' from reverse proxy Nginx configuration.,File upload API failing for files larger than 10MB - Request assistance. Attempting to attach 15MB diagnostic logs throws '413 Request Entity Too Large' from reverse proxy Nginx configuration.,Technical Issue,Medium
157,[Issue] Wireless mouse cursor jumping erratically,The Logitech wireless mouse cursor stutters across the screen and skips pixels even with fresh AA batteries. Mousepad is clean.,[Issue] Wireless mouse cursor jumping erratically. The Logitech wireless mouse cursor stutters across the screen and skips pixels even with fresh AA batteries. Mousepad is clean.,Hardware,Low
158,Urgent: Role-based access escalation for database analyst,Need read-only SELECT permissions granted on the production analytics replica database for quarterly compliance audit. This is severely impacting our daily operations and client deliverable deadlines.,Urgent: Role-based access escalation for database analyst. Need read-only SELECT permissions granted on the production analytics replica database for quarterly compliance audit. This is severely impacting our daily operations and client deliverable deadlines.,Account,Medium
159,Help needed: Laptop battery swelling and trackpad lifting,Noticeable bulge beneath the trackpad on my ThinkPad. The touchpad is physically displaced. Battery is dangerously swollen and won't hold charge. This is severely impacting our daily operations and client deliverable deadlines.,Help needed: Laptop battery swelling and trackpad lifting. Noticeable bulge beneath the trackpad on my ThinkPad. The touchpad is physically displaced. Battery is dangerously swollen and won't hold charge. This is severely impacting our daily operations and client deliverable deadlines.,Hardware,Critical
160,Urgent: Credit card charged twice for annual subscription,"Our company credit card was charged $1,200 twice on September 15th for the annual enterprise license. Please reverse the duplicate transaction. Several other team members in our department are facing the exact same problem.","Urgent: Credit card charged twice for annual subscription. Our company credit card was charged $1,200 twice on September 15th for the annual enterprise license. Please reverse the duplicate transaction. Several other team members in our department are facing the exact same problem.",Payment,High
161,Subscription renewal failed due to expired corporate card,Received notification that our monthly SaaS subscription failed to renew because card ending in 4012 is expired. Need to update payment method.,Subscription renewal failed due to expired corporate card. Received notification that our monthly SaaS subscription failed to renew because card ending in 4012 is expired. Need to update payment method.,Payment,High
162,Unauthorized login attempt detected from foreign IP - Request assistance,Received security alert email indicating a successful login attempt from an unknown device in Romania. Need immediate password reset and session purge. Urgent assistance required as this is blocking our production workflow.,Unauthorized login attempt detected from foreign IP - Request assistance. Received security alert email indicating a successful login attempt from an unknown device in Romania. Need immediate password reset and session purge. Urgent assistance required as this is blocking our production workflow.,Account,Critical
163,Office WiFi connected but no internet access - Request assistance,"Laptops on the 4th floor connect to 'Corp-Secure-WiFi' with strong signal, but browser displays 'No Internet Access, DNS server not responding'.","Office WiFi connected but no internet access - Request assistance. Laptops on the 4th floor connect to 'Corp-Secure-WiFi' with strong signal, but browser displays 'No Internet Access, DNS server not responding'.",Network,High
164,Help needed: VPN client software fails to initialize virtual adapter,"GlobalProtect / OpenVPN agent displays 'Failed to create virtual network adapter' during startup sequence. Reinstalling network drivers did not help. We noticed this error intermittently over the past week, but now it occurs constantly.","Help needed: VPN client software fails to initialize virtual adapter. GlobalProtect / OpenVPN agent displays 'Failed to create virtual network adapter' during startup sequence. Reinstalling network drivers did not help. We noticed this error intermittently over the past week, but now it occurs constantly.",Software,High
165,Antivirus blocking legitimate internal tool - Request assistance,Windows Defender / CrowdStrike flagged our internal deployment script as Trojan:Win32/Wacatac and quarantined the binary file. Tested across multiple workstations and the behavior is completely reproducible.,Antivirus blocking legitimate internal tool - Request assistance. Windows Defender / CrowdStrike flagged our internal deployment script as Trojan:Win32/Wacatac and quarantined the binary file. Tested across multiple workstations and the behavior is completely reproducible.,Software,High
166,[Issue] Proxy server authentication pop-up loop,"Browser continuously prompts for proxy credentials every time a new website is navigated, rejecting valid domain credentials.","[Issue] Proxy server authentication pop-up loop. Browser continuously prompts for proxy credentials every time a new website is navigated, rejecting valid domain credentials.",Network,Medium
167,Bank wire transfer payment not reflected in account balance,"Wire transfer of $5,000 sent on Thursday with reference WT-4481. Account still shows overdue status and service suspension warning. Urgent assistance required as this is blocking our production workflow.","Bank wire transfer payment not reflected in account balance. Wire transfer of $5,000 sent on Thursday with reference WT-4481. Account still shows overdue status and service suspension warning. Urgent assistance required as this is blocking our production workflow.",Payment,Critical
168,Urgent: External monitor not detected via HDMI,"Connected an LG 27-inch monitor to my workstation using HDMI cable. Display settings show 'No Signal detected'. Tried another cable but issue persists. We have already attempted rebooting the system, but the problem persists.","Urgent: External monitor not detected via HDMI. Connected an LG 27-inch monitor to my workstation using HDMI cable. Display settings show 'No Signal detected'. Tried another cable but issue persists. We have already attempted rebooting the system, but the problem persists.",Hardware,Medium
169,Help needed: Automated nightly backup script exited with error code 1,Scheduled mysqldump backup job failed at 02:00 AM due to disk space shortage on mount /var/backups. Backup archive is incomplete. This is severely impacting our daily operations and client deliverable deadlines.,Help needed: Automated nightly backup script exited with error code 1. Scheduled mysqldump backup job failed at 02:00 AM due to disk space shortage on mount /var/backups. Backup archive is incomplete. This is severely impacting our daily operations and client deliverable deadlines.,Technical Issue,Critical
170,[Issue] User account locked out after failed password attempts,Entered incorrect password on Monday morning and now my domain account is locked out. Need admin to unlock in Active Directory so I can login.,[Issue] User account locked out after failed password attempts. Entered incorrect password on Monday morning and now my domain account is locked out. Need admin to unlock in Active Directory so I can login.,Account,High
171,Unexpected price increase on monthly statement,Our monthly subscription billed at $450 instead of our contracted rate of $350. Please review pricing tier agreement and adjust the balance. This issue started occurring after the system maintenance yesterday.,Unexpected price increase on monthly statement. Our monthly subscription billed at $450 instead of our contracted rate of $350. Please review pricing tier agreement and adjust the balance. This issue started occurring after the system maintenance yesterday.,Payment,Medium
172,Urgent: Hard drive clicking noise and I/O error,Secondary internal 1TB Seagate drive is producing rhythmic clicking noises. Windows Explorer freezes and throws 'The request failed due to a fatal device hardware error'. Logs and system diagnostic details have been captured and can be provided upon request.,Urgent: Hard drive clicking noise and I/O error. Secondary internal 1TB Seagate drive is producing rhythmic clicking noises. Windows Explorer freezes and throws 'The request failed due to a fatal device hardware error'. Logs and system diagnostic details have been captured and can be provided upon request.,Hardware,High
173,[Issue] Requesting official VAT invoice for tax filing,Need an itemized PDF tax invoice containing our European VAT registration number (DE123456789) for our August subscription payment. Several other team members in our department are facing the exact same problem.,[Issue] Requesting official VAT invoice for tax filing. Need an itemized PDF tax invoice containing our European VAT registration number (DE123456789) for our August subscription payment. Several other team members in our department are facing the exact same problem.,Payment,Low
174,Database deadlock detected in transaction execution,Deadlock found when trying to get lock on table Ticket_Comments during concurrent status update. Transaction was aborted by database engine. Tested across multiple workstations and the behavior is completely reproducible.,Database deadlock detected in transaction execution. Deadlock found when trying to get lock on table Ticket_Comments during concurrent status update. Transaction was aborted by database engine. Tested across multiple workstations and the behavior is completely reproducible.,Technical Issue,High
175,[Issue] Wireless mouse cursor jumping erratically,The Logitech wireless mouse cursor stutters across the screen and skips pixels even with fresh AA batteries. Mousepad is clean. Tested across multiple workstations and the behavior is completely reproducible.,[Issue] Wireless mouse cursor jumping erratically. The Logitech wireless mouse cursor stutters across the screen and skips pixels even with fresh AA batteries. Mousepad is clean. Tested across multiple workstations and the behavior is completely reproducible.,Hardware,Low
176,Data export CSV corrupted with incomplete rows - Request assistance,"Exporting historical ticket reports with >10,000 rows generates truncated CSV file stopping midway at row 3,420 with trailing commas. This issue started occurring after the system maintenance yesterday.","Data export CSV corrupted with incomplete rows - Request assistance. Exporting historical ticket reports with >10,000 rows generates truncated CSV file stopping midway at row 3,420 with trailing commas. This issue started occurring after the system maintenance yesterday.",Technical Issue,Medium
177,API rate limiting triggered incorrectly on internal services - Request assistance,Internal microservice is receiving HTTP 429 Too Many Requests when communicating with the auth service on the local network. Logs and system diagnostic details have been captured and can be provided upon request.,API rate limiting triggered incorrectly on internal services - Request assistance. Internal microservice is receiving HTTP 429 Too Many Requests when communicating with the auth service on the local network. Logs and system diagnostic details have been captured and can be provided upon request.,Technical Issue,High
178,Urgent: External monitor not detected via HDMI,"Connected an LG 27-inch monitor to my workstation using HDMI cable. Display settings show 'No Signal detected'. Tried another cable but issue persists. We have already attempted rebooting the system, but the problem persists.","Urgent: External monitor not detected via HDMI. Connected an LG 27-inch monitor to my workstation using HDMI cable. Display settings show 'No Signal detected'. Tried another cable but issue persists. We have already attempted rebooting the system, but the problem persists.",Hardware,Medium
179,Urgent: Prorated refund request after seat reduction,We downgraded our team plan from 50 seats to 25 seats at the beginning of the billing cycle. Requesting prorated credit or refund for unused seats. Please advise on immediate troubleshooting steps or dispatch a technician.,Urgent: Prorated refund request after seat reduction. We downgraded our team plan from 50 seats to 25 seats at the beginning of the billing cycle. Requesting prorated credit or refund for unused seats. Please advise on immediate troubleshooting steps or dispatch a technician.,Payment,Medium
180,Urgent: New employee onboarding credentials not received,New software engineer starts today but has not received their initial login credentials or temporary password for company email. Please advise on immediate troubleshooting steps or dispatch a technician.,Urgent: New employee onboarding credentials not received. New software engineer starts today but has not received their initial login credentials or temporary password for company email. Please advise on immediate troubleshooting steps or dispatch a technician.,Account,High
181,Help needed: Database query connection timeout during peak hours,Database connection pool exhausted on master MySQL cluster. Client applications receive 'OperationalError 2006: MySQL server has gone away'. This issue started occurring after the system maintenance yesterday.,Help needed: Database query connection timeout during peak hours. Database connection pool exhausted on master MySQL cluster. Client applications receive 'OperationalError 2006: MySQL server has gone away'. This issue started occurring after the system maintenance yesterday.,Technical Issue,Critical
182,Urgent: File compression utility producing corrupted archives,"7-Zip creates archives that fail CRC checksum validation when extracted on recipient workstations. Error: 'Data error in encrypted file'. We noticed this error intermittently over the past week, but now it occurs constantly.","Urgent: File compression utility producing corrupted archives. 7-Zip creates archives that fail CRC checksum validation when extracted on recipient workstations. Error: 'Data error in encrypted file'. We noticed this error intermittently over the past week, but now it occurs constantly.",Software,Low
183,[Issue] Intermittent WebSocket connection drops in dashboard,"Real-time updates in admin portal disconnect with code 1006 every few minutes, requiring manual page refresh to see new tickets.","[Issue] Intermittent WebSocket connection drops in dashboard. Real-time updates in admin portal disconnect with code 1006 every few minutes, requiring manual page refresh to see new tickets.",Technical Issue,Medium
184,[Issue] Remove access for departing employee immediately,"Employee has resigned effective immediately today. Please disable AD account, revoke OAuth tokens, and forward emails to manager. We have already attempted rebooting the system, but the problem persists.","[Issue] Remove access for departing employee immediately. Employee has resigned effective immediately today. Please disable AD account, revoke OAuth tokens, and forward emails to manager. We have already attempted rebooting the system, but the problem persists.",Account,Critical
185,[Issue] Google Chrome memory leak consuming 14GB RAM,"Chrome browser consumes all available system RAM after 3 hours of usage with only 6 tabs open, slowing the entire operating system to a crawl. Tested across multiple workstations and the behavior is completely reproducible.","[Issue] Google Chrome memory leak consuming 14GB RAM. Chrome browser consumes all available system RAM after 3 hours of usage with only 6 tabs open, slowing the entire operating system to a crawl. Tested across multiple workstations and the behavior is completely reproducible.",Software,Medium
186,Guest contractor account extension required,Contractor engagement for vendor QA has been extended by 30 days. Need their account expiration date extended in Active Directory. Please advise on immediate troubleshooting steps or dispatch a technician.,Guest contractor account extension required. Contractor engagement for vendor QA has been extended by 30 days. Need their account expiration date extended in Active Directory. Please advise on immediate troubleshooting steps or dispatch a technician.,Account,Medium
187,[Issue] Search query elasticsearch index synchronization lag,"Newly created tickets do not appear in search results for up to 45 minutes. Full-text search indexer seems to be lagging behind database binlog. We noticed this error intermittently over the past week, but now it occurs constantly.","[Issue] Search query elasticsearch index synchronization lag. Newly created tickets do not appear in search results for up to 45 minutes. Full-text search indexer seems to be lagging behind database binlog. We noticed this error intermittently over the past week, but now it occurs constantly.",Technical Issue,Medium
188,[Issue] Webcam hardware disconnected error,"Built-in laptop webcam gives error 0xA00F4244 NoCamerasAreAttached in Windows Camera app. Driver is missing in Device Manager. We noticed this error intermittently over the past week, but now it occurs constantly.","[Issue] Webcam hardware disconnected error. Built-in laptop webcam gives error 0xA00F4244 NoCamerasAreAttached in Windows Camera app. Driver is missing in Device Manager. We noticed this error intermittently over the past week, but now it occurs constantly.",Hardware,Medium
189,Firewall blocking outbound port 443 to cloud storage - Request assistance,Requests to AWS S3 buckets and GitHub are timing out from our subnet. Security policy appears to be dropping outbound TCP traffic on port 443. Logs and system diagnostic details have been captured and can be provided upon request.,Firewall blocking outbound port 443 to cloud storage - Request assistance. Requests to AWS S3 buckets and GitHub are timing out from our subnet. Security policy appears to be dropping outbound TCP traffic on port 443. Logs and system diagnostic details have been captured and can be provided upon request.,Network,Critical
190,[Issue] Corporate VPN disconnecting every 10 minutes,"Connected to the office VPN through Cisco AnyConnect, but the tunnel drops intermittently every 10 to 15 minutes with error: 'Connection terminated locally'. Several other team members in our department are facing the exact same problem.","[Issue] Corporate VPN disconnecting every 10 minutes. Connected to the office VPN through Cisco AnyConnect, but the tunnel drops intermittently every 10 to 15 minutes with error: 'Connection terminated locally'. Several other team members in our department are facing the exact same problem.",Network,High
191,Corporate VPN disconnecting every 10 minutes - Request assistance,"Connected to the office VPN through Cisco AnyConnect, but the tunnel drops intermittently every 10 to 15 minutes with error: 'Connection terminated locally'. This is severely impacting our daily operations and client deliverable deadlines.","Corporate VPN disconnecting every 10 minutes - Request assistance. Connected to the office VPN through Cisco AnyConnect, but the tunnel drops intermittently every 10 to 15 minutes with error: 'Connection terminated locally'. This is severely impacting our daily operations and client deliverable deadlines.",Network,High
192,Urgent: Excel crashes when opening large pivot table,"Microsoft Excel 365 freezes and abruptly crashes whenever I open our quarterly sales workbook containing 80,000 rows. Event Viewer logs faulting module ntdll.dll.","Urgent: Excel crashes when opening large pivot table. Microsoft Excel 365 freezes and abruptly crashes whenever I open our quarterly sales workbook containing 80,000 rows. Event Viewer logs faulting module ntdll.dll.",Software,High
193,RAM memory failure causing BSOD,Computer crashed three times today with MEMORY_MANAGEMENT blue screen. Windows Memory Diagnostic tool reported hardware memory problems detected. This issue started occurring after the system maintenance yesterday.,RAM memory failure causing BSOD. Computer crashed three times today with MEMORY_MANAGEMENT blue screen. Windows Memory Diagnostic tool reported hardware memory problems detected. This issue started occurring after the system maintenance yesterday.,Hardware,High
194,Urgent: Power supply unit burning smell,Desktop PC suddenly lost power and emitted a faint electrical burning odor. System refuses to turn on when power button is pressed. No motherboard LEDs lit. Several other team members in our department are facing the exact same problem.,Urgent: Power supply unit burning smell. Desktop PC suddenly lost power and emitted a faint electrical burning odor. System refuses to turn on when power button is pressed. No motherboard LEDs lit. Several other team members in our department are facing the exact same problem.,Hardware,Critical
195,Laser printer paper jam in tray 2 - Request assistance,"The HP LaserJet printer on the 3rd floor has a continuous paper jam error. Opened tray 2 and cleared paper, but roller error indicator remains red. We noticed this error intermittently over the past week, but now it occurs constantly.","Laser printer paper jam in tray 2 - Request assistance. The HP LaserJet printer on the 3rd floor has a continuous paper jam error. Opened tray 2 and cleared paper, but roller error indicator remains red. We noticed this error intermittently over the past week, but now it occurs constantly.",Hardware,Medium
196,Office WiFi connected but no internet access,"Laptops on the 4th floor connect to 'Corp-Secure-WiFi' with strong signal, but browser displays 'No Internet Access, DNS server not responding'. Several other team members in our department are facing the exact same problem.","Office WiFi connected but no internet access. Laptops on the 4th floor connect to 'Corp-Secure-WiFi' with strong signal, but browser displays 'No Internet Access, DNS server not responding'. Several other team members in our department are facing the exact same problem.",Network,High
197,Urgent: Software license activation key invalid,"Reinstalled AutoCAD on my new machine, but the company serial number produces error 'Registration-Activation Error (0015.111)'. Need license reactivation. Urgent assistance required as this is blocking our production workflow.","Urgent: Software license activation key invalid. Reinstalled AutoCAD on my new machine, but the company serial number produces error 'Registration-Activation Error (0015.111)'. Need license reactivation. Urgent assistance required as this is blocking our production workflow.",Software,High
198,[Issue] Office WiFi connected but no internet access,"Laptops on the 4th floor connect to 'Corp-Secure-WiFi' with strong signal, but browser displays 'No Internet Access, DNS server not responding'. We noticed this error intermittently over the past week, but now it occurs constantly.","[Issue] Office WiFi connected but no internet access. Laptops on the 4th floor connect to 'Corp-Secure-WiFi' with strong signal, but browser displays 'No Internet Access, DNS server not responding'. We noticed this error intermittently over the past week, but now it occurs constantly.",Network,High
199,Help needed: Office WiFi connected but no internet access,"Laptops on the 4th floor connect to 'Corp-Secure-WiFi' with strong signal, but browser displays 'No Internet Access, DNS server not responding'. This issue started occurring after the system maintenance yesterday.","Help needed: Office WiFi connected but no internet access. Laptops on the 4th floor connect to 'Corp-Secure-WiFi' with strong signal, but browser displays 'No Internet Access, DNS server not responding'. This issue started occurring after the system maintenance yesterday.",Network,High
200,Corporate VPN disconnecting every 10 minutes - Request assistance,"Connected to the office VPN through Cisco AnyConnect, but the tunnel drops intermittently every 10 to 15 minutes with error: 'Connection terminated locally'. This is severely impacting our daily operations and client deliverable deadlines.","Corporate VPN disconnecting every 10 minutes - Request assistance. Connected to the office VPN through Cisco AnyConnect, but the tunnel drops intermittently every 10 to 15 minutes with error: 'Connection terminated locally'. This is severely impacting our daily operations and client deliverable deadlines.",Network,High
201,[Issue] Subscription renewal failed due to expired corporate card,Received notification that our monthly SaaS subscription failed to renew because card ending in 4012 is expired. Need to update payment method. This is severely impacting our daily operations and client deliverable deadlines.,[Issue] Subscription renewal failed due to expired corporate card. Received notification that our monthly SaaS subscription failed to renew because card ending in 4012 is expired. Need to update payment method. This is severely impacting our daily operations and client deliverable deadlines.,Payment,High
202,Help needed: Unexpected price increase on monthly statement,Our monthly subscription billed at $450 instead of our contracted rate of $350. Please review pricing tier agreement and adjust the balance. Please advise on immediate troubleshooting steps or dispatch a technician.,Help needed: Unexpected price increase on monthly statement. Our monthly subscription billed at $450 instead of our contracted rate of $350. Please review pricing tier agreement and adjust the balance. Please advise on immediate troubleshooting steps or dispatch a technician.,Payment,Medium
203,Help needed: Excel crashes when opening large pivot table,"Microsoft Excel 365 freezes and abruptly crashes whenever I open our quarterly sales workbook containing 80,000 rows. Event Viewer logs faulting module ntdll.dll. This is severely impacting our daily operations and client deliverable deadlines.","Help needed: Excel crashes when opening large pivot table. Microsoft Excel 365 freezes and abruptly crashes whenever I open our quarterly sales workbook containing 80,000 rows. Event Viewer logs faulting module ntdll.dll. This is severely impacting our daily operations and client deliverable deadlines.",Software,High
204,[Issue] Zoom meeting video freezes after 5 minutes,"During video calls Zoom client freezes video feed while audio continues. Graphic driver is up to date, but hardware acceleration setting crashes app. This issue started occurring after the system maintenance yesterday.","[Issue] Zoom meeting video freezes after 5 minutes. During video calls Zoom client freezes video feed while audio continues. Graphic driver is up to date, but hardware acceleration setting crashes app. This issue started occurring after the system maintenance yesterday.",Software,Medium
205,[Issue] Session timeout too aggressive kicking out every 5 minutes,"Web portal logs me out every 5 minutes with 'Session Expired', forcing constant MFA re-authentication while working. Urgent assistance required as this is blocking our production workflow.","[Issue] Session timeout too aggressive kicking out every 5 minutes. Web portal logs me out every 5 minutes with 'Session Expired', forcing constant MFA re-authentication while working. Urgent assistance required as this is blocking our production workflow.",Account,High
206,Help needed: Credit card charged twice for annual subscription,"Our company credit card was charged $1,200 twice on September 15th for the annual enterprise license. Please reverse the duplicate transaction. Urgent assistance required as this is blocking our production workflow.","Help needed: Credit card charged twice for annual subscription. Our company credit card was charged $1,200 twice on September 15th for the annual enterprise license. Please reverse the duplicate transaction. Urgent assistance required as this is blocking our production workflow.",Payment,High
207,Laptop battery swelling and trackpad lifting,Noticeable bulge beneath the trackpad on my ThinkPad. The touchpad is physically displaced. Battery is dangerously swollen and won't hold charge. This is severely impacting our daily operations and client deliverable deadlines.,Laptop battery swelling and trackpad lifting. Noticeable bulge beneath the trackpad on my ThinkPad. The touchpad is physically displaced. Battery is dangerously swollen and won't hold charge. This is severely impacting our daily operations and client deliverable deadlines.,Hardware,Critical
208,Help needed: Webhook delivery failing with HTTP 404 response,Webhook notifications for event 'ticket.resolved' fail with status 404 to our endpoint https://crm.company.com/webhook. Headers show missing HMAC signature. Tested across multiple workstations and the behavior is completely reproducible.,Help needed: Webhook delivery failing with HTTP 404 response. Webhook notifications for event 'ticket.resolved' fail with status 404 to our endpoint https://crm.company.com/webhook. Headers show missing HMAC signature. Tested across multiple workstations and the behavior is completely reproducible.,Technical Issue,High
209,External monitor not detected via HDMI,"Connected an LG 27-inch monitor to my workstation using HDMI cable. Display settings show 'No Signal detected'. Tried another cable but issue persists. We noticed this error intermittently over the past week, but now it occurs constantly.","External monitor not detected via HDMI. Connected an LG 27-inch monitor to my workstation using HDMI cable. Display settings show 'No Signal detected'. Tried another cable but issue persists. We noticed this error intermittently over the past week, but now it occurs constantly.",Hardware,Medium
210,[Issue] Remove access for departing employee immediately,"Employee has resigned effective immediately today. Please disable AD account, revoke OAuth tokens, and forward emails to manager. Logs and system diagnostic details have been captured and can be provided upon request.","[Issue] Remove access for departing employee immediately. Employee has resigned effective immediately today. Please disable AD account, revoke OAuth tokens, and forward emails to manager. Logs and system diagnostic details have been captured and can be provided upon request.",Account,Critical
211,Help needed: Cannot update security challenge questions,Account settings page throws error 500 when saving new security verification questions for password self-recovery. Logs and system diagnostic details have been captured and can be provided upon request.,Help needed: Cannot update security challenge questions. Account settings page throws error 500 when saving new security verification questions for password self-recovery. Logs and system diagnostic details have been captured and can be provided upon request.,Account,Low
212,Adobe Acrobat Reader crashing on PDF sign,"Whenever I attempt to place a digital certificate signature on contract documents, Adobe Acrobat DC closes immediately without an error message. This issue started occurring after the system maintenance yesterday.","Adobe Acrobat Reader crashing on PDF sign. Whenever I attempt to place a digital certificate signature on contract documents, Adobe Acrobat DC closes immediately without an error message. This issue started occurring after the system maintenance yesterday.",Software,High
213,[Issue] Subscription auto-renewed after cancellation notice,"Submitted cancellation request 10 days before renewal date, but our credit card was still charged $299 this morning. Requesting full cancellation and refund. This issue started occurring after the system maintenance yesterday.","[Issue] Subscription auto-renewed after cancellation notice. Submitted cancellation request 10 days before renewal date, but our credit card was still charged $299 this morning. Requesting full cancellation and refund. This issue started occurring after the system maintenance yesterday.",Payment,High
214,Intermittent WebSocket connection drops in dashboard - Request assistance,"Real-time updates in admin portal disconnect with code 1006 every few minutes, requiring manual page refresh to see new tickets. This issue started occurring after the system maintenance yesterday.","Intermittent WebSocket connection drops in dashboard - Request assistance. Real-time updates in admin portal disconnect with code 1006 every few minutes, requiring manual page refresh to see new tickets. This issue started occurring after the system maintenance yesterday.",Technical Issue,Medium
215,Urgent: Google Chrome memory leak consuming 14GB RAM,"Chrome browser consumes all available system RAM after 3 hours of usage with only 6 tabs open, slowing the entire operating system to a crawl. Several other team members in our department are facing the exact same problem.","Urgent: Google Chrome memory leak consuming 14GB RAM. Chrome browser consumes all available system RAM after 3 hours of usage with only 6 tabs open, slowing the entire operating system to a crawl. Several other team members in our department are facing the exact same problem.",Software,Medium
216,Help needed: File compression utility producing corrupted archives,7-Zip creates archives that fail CRC checksum validation when extracted on recipient workstations. Error: 'Data error in encrypted file'. Please advise on immediate troubleshooting steps or dispatch a technician.,Help needed: File compression utility producing corrupted archives. 7-Zip creates archives that fail CRC checksum validation when extracted on recipient workstations. Error: 'Data error in encrypted file'. Please advise on immediate troubleshooting steps or dispatch a technician.,Software,Low
217,Need annual prepayment invoice for bulk discount - Request assistance,We would like to switch from monthly billing to annual prepayment to take advantage of the 20% discount. Please generate the invoice. Please advise on immediate troubleshooting steps or dispatch a technician.,Need annual prepayment invoice for bulk discount - Request assistance. We would like to switch from monthly billing to annual prepayment to take advantage of the 20% discount. Please generate the invoice. Please advise on immediate troubleshooting steps or dispatch a technician.,Payment,Medium
218,Requesting W-9 vendor tax form for accounts payable - Request assistance,Our accounting department requires a signed W-9 form and bank ACH direct deposit details before processing the outstanding purchase order. Tested across multiple workstations and the behavior is completely reproducible.,Requesting W-9 vendor tax form for accounts payable - Request assistance. Our accounting department requires a signed W-9 form and bank ACH direct deposit details before processing the outstanding purchase order. Tested across multiple workstations and the behavior is completely reproducible.,Payment,Low
219,Urgent: Memory consumption on API container growing continuously,"Docker container memory usage rises from 200MB to 3.8GB over 48 hours without releasing, indicating a memory leak in the connection pool. Several other team members in our department are facing the exact same problem.","Urgent: Memory consumption on API container growing continuously. Docker container memory usage rises from 200MB to 3.8GB over 48 hours without releasing, indicating a memory leak in the connection pool. Several other team members in our department are facing the exact same problem.",Technical Issue,High
220,[Issue] Payment receipt not emailed after successful transaction,Credit card was successfully charged yesterday but confirmation receipt and license key were not delivered to billing@company.com. This issue started occurring after the system maintenance yesterday.,[Issue] Payment receipt not emailed after successful transaction. Credit card was successfully charged yesterday but confirmation receipt and license key were not delivered to billing@company.com. This issue started occurring after the system maintenance yesterday.,Payment,Low
221,Help needed: VoIP desk phone unregistered from PBX,"Cisco IP phone on desk 14 shows 'Registration Failed'. No dial tone and cannot receive incoming transfers from receptionist. We have already attempted rebooting the system, but the problem persists.","Help needed: VoIP desk phone unregistered from PBX. Cisco IP phone on desk 14 shows 'Registration Failed'. No dial tone and cannot receive incoming transfers from receptionist. We have already attempted rebooting the system, but the problem persists.",Network,Medium
222,[Issue] Subscription renewal failed due to expired corporate card,Received notification that our monthly SaaS subscription failed to renew because card ending in 4012 is expired. Need to update payment method. Please advise on immediate troubleshooting steps or dispatch a technician.,[Issue] Subscription renewal failed due to expired corporate card. Received notification that our monthly SaaS subscription failed to renew because card ending in 4012 is expired. Need to update payment method. Please advise on immediate troubleshooting steps or dispatch a technician.,Payment,High
223,[Issue] Frequent dropped calls on Microsoft Teams,"Teams voice and video calls consistently stutter and disconnect with warning 'Your network is causing poor call quality'. We have already attempted rebooting the system, but the problem persists.","[Issue] Frequent dropped calls on Microsoft Teams. Teams voice and video calls consistently stutter and disconnect with warning 'Your network is causing poor call quality'. We have already attempted rebooting the system, but the problem persists.",Network,Medium
224,Help needed: REST API returning HTTP 500 Internal Server Error,Calls to endpoint /api/v2/orders/batch are consistently failing with HTTP 500 Internal Server Error. Response payload contains uncaught NullPointerException. This is severely impacting our daily operations and client deliverable deadlines.,Help needed: REST API returning HTTP 500 Internal Server Error. Calls to endpoint /api/v2/orders/batch are consistently failing with HTTP 500 Internal Server Error. Response payload contains uncaught NullPointerException. This is severely impacting our daily operations and client deliverable deadlines.,Technical Issue,Critical
225,Webcam hardware disconnected error - Request assistance,Built-in laptop webcam gives error 0xA00F4244 NoCamerasAreAttached in Windows Camera app. Driver is missing in Device Manager. Logs and system diagnostic details have been captured and can be provided upon request.,Webcam hardware disconnected error - Request assistance. Built-in laptop webcam gives error 0xA00F4244 NoCamerasAreAttached in Windows Camera app. Driver is missing in Device Manager. Logs and system diagnostic details have been captured and can be provided upon request.,Hardware,Medium
226,Help needed: SSL certificate error visiting company intranet,Web browsers display NET::ERR_CERT_COMMON_NAME_INVALID when accessing internal wiki. Certificate appears expired as of yesterday. Please advise on immediate troubleshooting steps or dispatch a technician.,Help needed: SSL certificate error visiting company intranet. Web browsers display NET::ERR_CERT_COMMON_NAME_INVALID when accessing internal wiki. Certificate appears expired as of yesterday. Please advise on immediate troubleshooting steps or dispatch a technician.,Network,High
227,[Issue] Need annual prepayment invoice for bulk discount,We would like to switch from monthly billing to annual prepayment to take advantage of the 20% discount. Please generate the invoice. Logs and system diagnostic details have been captured and can be provided upon request.,[Issue] Need annual prepayment invoice for bulk discount. We would like to switch from monthly billing to annual prepayment to take advantage of the 20% discount. Please generate the invoice. Logs and system diagnostic details have been captured and can be provided upon request.,Payment,Medium
228,Unauthorized login attempt detected from foreign IP - Request assistance,Received security alert email indicating a successful login attempt from an unknown device in Romania. Need immediate password reset and session purge. This issue started occurring after the system maintenance yesterday.,Unauthorized login attempt detected from foreign IP - Request assistance. Received security alert email indicating a successful login attempt from an unknown device in Romania. Need immediate password reset and session purge. This issue started occurring after the system maintenance yesterday.,Account,Critical
229,Urgent: Text editor formatting tool breaks indentation,"VS Code auto-formatter replaces tabs with corrupted null characters in YAML configuration files, preventing deployment pipelines from running. This issue started occurring after the system maintenance yesterday.","Urgent: Text editor formatting tool breaks indentation. VS Code auto-formatter replaces tabs with corrupted null characters in YAML configuration files, preventing deployment pipelines from running. This issue started occurring after the system maintenance yesterday.",Software,Low
230,Urgent: Update official primary email address and alias,My last name has legally changed. Please update my primary email address in Google Workspace / Exchange and create an alias for my previous name. Several other team members in our department are facing the exact same problem.,Urgent: Update official primary email address and alias. My last name has legally changed. Please update my primary email address in Google Workspace / Exchange and create an alias for my previous name. Several other team members in our department are facing the exact same problem.,Account,Low
231,Help needed: Cannot update security challenge questions,Account settings page throws error 500 when saving new security verification questions for password self-recovery. This issue started occurring after the system maintenance yesterday.,Help needed: Cannot update security challenge questions. Account settings page throws error 500 when saving new security verification questions for password self-recovery. This issue started occurring after the system maintenance yesterday.,Account,Low
232,Workstation overheating and shutting down - Request assistance,My desktop PC fans are spinning at maximum RPM and making loud grinding noises. System shut down abruptly twice during rendering with CPU temp at 95C. Please advise on immediate troubleshooting steps or dispatch a technician.,Workstation overheating and shutting down - Request assistance. My desktop PC fans are spinning at maximum RPM and making loud grinding noises. System shut down abruptly twice during rendering with CPU temp at 95C. Please advise on immediate troubleshooting steps or dispatch a technician.,Hardware,Critical
233,Urgent: Webcam hardware disconnected error,"Built-in laptop webcam gives error 0xA00F4244 NoCamerasAreAttached in Windows Camera app. Driver is missing in Device Manager. We have already attempted rebooting the system, but the problem persists.","Urgent: Webcam hardware disconnected error. Built-in laptop webcam gives error 0xA00F4244 NoCamerasAreAttached in Windows Camera app. Driver is missing in Device Manager. We have already attempted rebooting the system, but the problem persists.",Hardware,Medium
234,Credit card charged twice for annual subscription,"Our company credit card was charged $1,200 twice on September 15th for the annual enterprise license. Please reverse the duplicate transaction. Please advise on immediate troubleshooting steps or dispatch a technician.","Credit card charged twice for annual subscription. Our company credit card was charged $1,200 twice on September 15th for the annual enterprise license. Please reverse the duplicate transaction. Please advise on immediate troubleshooting steps or dispatch a technician.",Payment,High
235,Office WiFi connected but no internet access,"Laptops on the 4th floor connect to 'Corp-Secure-WiFi' with strong signal, but browser displays 'No Internet Access, DNS server not responding'. We have already attempted rebooting the system, but the problem persists.","Office WiFi connected but no internet access. Laptops on the 4th floor connect to 'Corp-Secure-WiFi' with strong signal, but browser displays 'No Internet Access, DNS server not responding'. We have already attempted rebooting the system, but the problem persists.",Network,High
236,High latency spike to Europe branch office,"Site-to-site IPsec VPN tunnel between US and EU offices experiencing 450ms latency, causing database replication delays. Several other team members in our department are facing the exact same problem.","High latency spike to Europe branch office. Site-to-site IPsec VPN tunnel between US and EU offices experiencing 450ms latency, causing database replication delays. Several other team members in our department are facing the exact same problem.",Network,High
237,Help needed: Garbled UTF-8 character encoding in exported reports,Exported customer names with accents or non-ASCII characters display as 'Ã©' instead of 'é' due to missing charset header in API response. Several other team members in our department are facing the exact same problem.,Help needed: Garbled UTF-8 character encoding in exported reports. Exported customer names with accents or non-ASCII characters display as 'Ã©' instead of 'é' due to missing charset header in API response. Several other team members in our department are facing the exact same problem.,Technical Issue,Low
238,Antivirus blocking legitimate internal tool,Windows Defender / CrowdStrike flagged our internal deployment script as Trojan:Win32/Wacatac and quarantined the binary file. Logs and system diagnostic details have been captured and can be provided upon request.,Antivirus blocking legitimate internal tool. Windows Defender / CrowdStrike flagged our internal deployment script as Trojan:Win32/Wacatac and quarantined the binary file. Logs and system diagnostic details have been captured and can be provided upon request.,Software,High
239,Help needed: Cron job for SLA breach calculation not triggering,"Scheduled cron task responsible for marking overdue tickets as 'SLA BREACHED' failed to execute for the last 6 hours. We have already attempted rebooting the system, but the problem persists.","Help needed: Cron job for SLA breach calculation not triggering. Scheduled cron task responsible for marking overdue tickets as 'SLA BREACHED' failed to execute for the last 6 hours. We have already attempted rebooting the system, but the problem persists.",Technical Issue,High
240,Laptop battery swelling and trackpad lifting - Request assistance,Noticeable bulge beneath the trackpad on my ThinkPad. The touchpad is physically displaced. Battery is dangerously swollen and won't hold charge. Tested across multiple workstations and the behavior is completely reproducible.,Laptop battery swelling and trackpad lifting - Request assistance. Noticeable bulge beneath the trackpad on my ThinkPad. The touchpad is physically displaced. Battery is dangerously swollen and won't hold charge. Tested across multiple workstations and the behavior is completely reproducible.,Hardware,Critical
241,File compression utility producing corrupted archives - Request assistance,7-Zip creates archives that fail CRC checksum validation when extracted on recipient workstations. Error: 'Data error in encrypted file'. This is severely impacting our daily operations and client deliverable deadlines.,File compression utility producing corrupted archives - Request assistance. 7-Zip creates archives that fail CRC checksum validation when extracted on recipient workstations. Error: 'Data error in encrypted file'. This is severely impacting our daily operations and client deliverable deadlines.,Software,Low
242,Headset microphone not picking up audio,"Jabra USB headset audio output works fine, but teammates cannot hear me in Zoom or Teams meetings. Tested mic on Windows Sound settings with 0% input level. We have already attempted rebooting the system, but the problem persists.","Headset microphone not picking up audio. Jabra USB headset audio output works fine, but teammates cannot hear me in Zoom or Teams meetings. Tested mic on Windows Sound settings with 0% input level. We have already attempted rebooting the system, but the problem persists.",Hardware,Low
243,Help needed: REST API returning HTTP 500 Internal Server Error,"Calls to endpoint /api/v2/orders/batch are consistently failing with HTTP 500 Internal Server Error. Response payload contains uncaught NullPointerException. We noticed this error intermittently over the past week, but now it occurs constantly.","Help needed: REST API returning HTTP 500 Internal Server Error. Calls to endpoint /api/v2/orders/batch are consistently failing with HTTP 500 Internal Server Error. Response payload contains uncaught NullPointerException. We noticed this error intermittently over the past week, but now it occurs constantly.",Technical Issue,Critical
244,Help needed: Text editor formatting tool breaks indentation,"VS Code auto-formatter replaces tabs with corrupted null characters in YAML configuration files, preventing deployment pipelines from running. We have already attempted rebooting the system, but the problem persists.","Help needed: Text editor formatting tool breaks indentation. VS Code auto-formatter replaces tabs with corrupted null characters in YAML configuration files, preventing deployment pipelines from running. We have already attempted rebooting the system, but the problem persists.",Software,Low
245,Cannot access shared network drive Z: - Request assistance,File Explorer reports 'The network path was not found' when trying to open mapped network drive \\fileserver01\finance. Other users can access it. This issue started occurring after the system maintenance yesterday.,Cannot access shared network drive Z: - Request assistance. File Explorer reports 'The network path was not found' when trying to open mapped network drive \\fileserver01\finance. Other users can access it. This issue started occurring after the system maintenance yesterday.,Network,Medium
246,[Issue] File upload API failing for files larger than 10MB,Attempting to attach 15MB diagnostic logs throws '413 Request Entity Too Large' from reverse proxy Nginx configuration. This issue started occurring after the system maintenance yesterday.,[Issue] File upload API failing for files larger than 10MB. Attempting to attach 15MB diagnostic logs throws '413 Request Entity Too Large' from reverse proxy Nginx configuration. This issue started occurring after the system maintenance yesterday.,Technical Issue,Medium
247,[Issue] Slack desktop client white blank screen,Slack application opens to a solid blank white window. Ctrl+R to reload does not render UI. Browser version works fine. This issue started occurring after the system maintenance yesterday.,[Issue] Slack desktop client white blank screen. Slack application opens to a solid blank white window. Ctrl+R to reload does not render UI. Browser version works fine. This issue started occurring after the system maintenance yesterday.,Software,Low
248,Help needed: External monitor not detected via HDMI,Connected an LG 27-inch monitor to my workstation using HDMI cable. Display settings show 'No Signal detected'. Tried another cable but issue persists. This issue started occurring after the system maintenance yesterday.,Help needed: External monitor not detected via HDMI. Connected an LG 27-inch monitor to my workstation using HDMI cable. Display settings show 'No Signal detected'. Tried another cable but issue persists. This issue started occurring after the system maintenance yesterday.,Hardware,Medium
249,File compression utility producing corrupted archives,7-Zip creates archives that fail CRC checksum validation when extracted on recipient workstations. Error: 'Data error in encrypted file'.,File compression utility producing corrupted archives. 7-Zip creates archives that fail CRC checksum validation when extracted on recipient workstations. Error: 'Data error in encrypted file'.,Software,Low
250,Search query elasticsearch index synchronization lag,Newly created tickets do not appear in search results for up to 45 minutes. Full-text search indexer seems to be lagging behind database binlog. Several other team members in our department are facing the exact same problem.,Search query elasticsearch index synchronization lag. Newly created tickets do not appear in search results for up to 45 minutes. Full-text search indexer seems to be lagging behind database binlog. Several other team members in our department are facing the exact same problem.,Technical Issue,Medium
251,Cron job for SLA breach calculation not triggering,Scheduled cron task responsible for marking overdue tickets as 'SLA BREACHED' failed to execute for the last 6 hours. This issue started occurring after the system maintenance yesterday.,Cron job for SLA breach calculation not triggering. Scheduled cron task responsible for marking overdue tickets as 'SLA BREACHED' failed to execute for the last 6 hours. This issue started occurring after the system maintenance yesterday.,Technical Issue,High
252,Font rendering corrupted in presentation software,"PowerPoint slides are displaying garbled glyphs and overlapping letters instead of standard Arial fonts after the latest OS patch. We noticed this error intermittently over the past week, but now it occurs constantly.","Font rendering corrupted in presentation software. PowerPoint slides are displaying garbled glyphs and overlapping letters instead of standard Arial fonts after the latest OS patch. We noticed this error intermittently over the past week, but now it occurs constantly.",Software,Low
253,Access denied permission required for marketing share,Transferred to the Brand Marketing team but receive 'You do not have permission to view this directory' when opening the Marketing Google Drive / SharePoint. Logs and system diagnostic details have been captured and can be provided upon request.,Access denied permission required for marketing share. Transferred to the Brand Marketing team but receive 'You do not have permission to view this directory' when opening the Marketing Google Drive / SharePoint. Logs and system diagnostic details have been captured and can be provided upon request.,Account,Medium
254,Help needed: Unexpected price increase on monthly statement,Our monthly subscription billed at $450 instead of our contracted rate of $350. Please review pricing tier agreement and adjust the balance. Tested across multiple workstations and the behavior is completely reproducible.,Help needed: Unexpected price increase on monthly statement. Our monthly subscription billed at $450 instead of our contracted rate of $350. Please review pricing tier agreement and adjust the balance. Tested across multiple workstations and the behavior is completely reproducible.,Payment,Medium
255,Help needed: Windows 11 update stuck at 78% loop,"Cumulative update KB5034441 has been stuck at 78% for 4 hours. Rebooting causes the system to attempt rollback and install again in an endless loop. We noticed this error intermittently over the past week, but now it occurs constantly.","Help needed: Windows 11 update stuck at 78% loop. Cumulative update KB5034441 has been stuck at 78% for 4 hours. Rebooting causes the system to attempt rollback and install again in an endless loop. We noticed this error intermittently over the past week, but now it occurs constantly.",Software,High
256,Urgent: Corporate VPN disconnecting every 10 minutes,"Connected to the office VPN through Cisco AnyConnect, but the tunnel drops intermittently every 10 to 15 minutes with error: 'Connection terminated locally'. Tested across multiple workstations and the behavior is completely reproducible.","Urgent: Corporate VPN disconnecting every 10 minutes. Connected to the office VPN through Cisco AnyConnect, but the tunnel drops intermittently every 10 to 15 minutes with error: 'Connection terminated locally'. Tested across multiple workstations and the behavior is completely reproducible.",Network,High
257,Urgent: Missing VCRUNTIME140.dll error on launch,Unable to run corporate ERP application. System error pop-up states: 'The code execution cannot proceed because VCRUNTIME140.dll was not found'. Several other team members in our department are facing the exact same problem.,Urgent: Missing VCRUNTIME140.dll error on launch. Unable to run corporate ERP application. System error pop-up states: 'The code execution cannot proceed because VCRUNTIME140.dll was not found'. Several other team members in our department are facing the exact same problem.,Software,Medium
258,Zoom meeting video freezes after 5 minutes,"During video calls Zoom client freezes video feed while audio continues. Graphic driver is up to date, but hardware acceleration setting crashes app. Tested across multiple workstations and the behavior is completely reproducible.","Zoom meeting video freezes after 5 minutes. During video calls Zoom client freezes video feed while audio continues. Graphic driver is up to date, but hardware acceleration setting crashes app. Tested across multiple workstations and the behavior is completely reproducible.",Software,Medium
259,Cannot access shared network drive Z: - Request assistance,File Explorer reports 'The network path was not found' when trying to open mapped network drive \\fileserver01\finance. Other users can access it. Urgent assistance required as this is blocking our production workflow.,Cannot access shared network drive Z: - Request assistance. File Explorer reports 'The network path was not found' when trying to open mapped network drive \\fileserver01\finance. Other users can access it. Urgent assistance required as this is blocking our production workflow.,Network,High
260,[Issue] External monitor not detected via HDMI,Connected an LG 27-inch monitor to my workstation using HDMI cable. Display settings show 'No Signal detected'. Tried another cable but issue persists.,[Issue] External monitor not detected via HDMI. Connected an LG 27-inch monitor to my workstation using HDMI cable. Display settings show 'No Signal detected'. Tried another cable but issue persists.,Hardware,Medium
261,Urgent: Proxy server authentication pop-up loop,"Browser continuously prompts for proxy credentials every time a new website is navigated, rejecting valid domain credentials. Several other team members in our department are facing the exact same problem.","Urgent: Proxy server authentication pop-up loop. Browser continuously prompts for proxy credentials every time a new website is navigated, rejecting valid domain credentials. Several other team members in our department are facing the exact same problem.",Network,Medium
262,[Issue] Session timeout too aggressive kicking out every 5 minutes,"Web portal logs me out every 5 minutes with 'Session Expired', forcing constant MFA re-authentication while working. Logs and system diagnostic details have been captured and can be provided upon request.","[Issue] Session timeout too aggressive kicking out every 5 minutes. Web portal logs me out every 5 minutes with 'Session Expired', forcing constant MFA re-authentication while working. Logs and system diagnostic details have been captured and can be provided upon request.",Account,Low
263,Subscription auto-renewed after cancellation notice,"Submitted cancellation request 10 days before renewal date, but our credit card was still charged $299 this morning. Requesting full cancellation and refund. Please advise on immediate troubleshooting steps or dispatch a technician.","Subscription auto-renewed after cancellation notice. Submitted cancellation request 10 days before renewal date, but our credit card was still charged $299 this morning. Requesting full cancellation and refund. Please advise on immediate troubleshooting steps or dispatch a technician.",Payment,High
264,Laptop display flickering violently,The built-in screen on my Dell Latitude keeps flickering whenever I adjust the hinge. It goes completely black for a few seconds. Need a replacement or cable check. Tested across multiple workstations and the behavior is completely reproducible.,Laptop display flickering violently. The built-in screen on my Dell Latitude keeps flickering whenever I adjust the hinge. It goes completely black for a few seconds. Need a replacement or cable check. Tested across multiple workstations and the behavior is completely reproducible.,Hardware,High
265,[Issue] Outlook desktop stuck on loading profile,"Opening Microsoft Outlook hangs indefinitely at the splash screen saying 'Loading Profile'. Tried starting in Safe Mode (outlook.exe /safe) with no success. We have already attempted rebooting the system, but the problem persists.","[Issue] Outlook desktop stuck on loading profile. Opening Microsoft Outlook hangs indefinitely at the splash screen saying 'Loading Profile'. Tried starting in Safe Mode (outlook.exe /safe) with no success. We have already attempted rebooting the system, but the problem persists.",Software,High
266,Help needed: Corporate VPN disconnecting every 10 minutes,"Connected to the office VPN through Cisco AnyConnect, but the tunnel drops intermittently every 10 to 15 minutes with error: 'Connection terminated locally'. This is severely impacting our daily operations and client deliverable deadlines.","Help needed: Corporate VPN disconnecting every 10 minutes. Connected to the office VPN through Cisco AnyConnect, but the tunnel drops intermittently every 10 to 15 minutes with error: 'Connection terminated locally'. This is severely impacting our daily operations and client deliverable deadlines.",Network,High
267,Slow network bandwidth and high packet loss - Request assistance,Upload and download speeds on wired ethernet are capped under 2 Mbps instead of the Gigabit link. Ping tests show 35% packet loss to local gateway. Tested across multiple workstations and the behavior is completely reproducible.,Slow network bandwidth and high packet loss - Request assistance. Upload and download speeds on wired ethernet are capped under 2 Mbps instead of the Gigabit link. Ping tests show 35% packet loss to local gateway. Tested across multiple workstations and the behavior is completely reproducible.,Network,High
268,[Issue] Antivirus blocking legitimate internal tool,Windows Defender / CrowdStrike flagged our internal deployment script as Trojan:Win32/Wacatac and quarantined the binary file. Please advise on immediate troubleshooting steps or dispatch a technician.,[Issue] Antivirus blocking legitimate internal tool. Windows Defender / CrowdStrike flagged our internal deployment script as Trojan:Win32/Wacatac and quarantined the binary file. Please advise on immediate troubleshooting steps or dispatch a technician.,Software,High
269,[Issue] Office WiFi connected but no internet access,"Laptops on the 4th floor connect to 'Corp-Secure-WiFi' with strong signal, but browser displays 'No Internet Access, DNS server not responding'. Logs and system diagnostic details have been captured and can be provided upon request.","[Issue] Office WiFi connected but no internet access. Laptops on the 4th floor connect to 'Corp-Secure-WiFi' with strong signal, but browser displays 'No Internet Access, DNS server not responding'. Logs and system diagnostic details have been captured and can be provided upon request.",Network,High
270,[Issue] Credit card charged twice for annual subscription,"Our company credit card was charged $1,200 twice on September 15th for the annual enterprise license. Please reverse the duplicate transaction. Logs and system diagnostic details have been captured and can be provided upon request.","[Issue] Credit card charged twice for annual subscription. Our company credit card was charged $1,200 twice on September 15th for the annual enterprise license. Please reverse the duplicate transaction. Logs and system diagnostic details have been captured and can be provided upon request.",Payment,High
271,Hard drive clicking noise and I/O error - Request assistance,Secondary internal 1TB Seagate drive is producing rhythmic clicking noises. Windows Explorer freezes and throws 'The request failed due to a fatal device hardware error'. Several other team members in our department are facing the exact same problem.,Hard drive clicking noise and I/O error - Request assistance. Secondary internal 1TB Seagate drive is producing rhythmic clicking noises. Windows Explorer freezes and throws 'The request failed due to a fatal device hardware error'. Several other team members in our department are facing the exact same problem.,Hardware,High
272,Requesting official VAT invoice for tax filing,Need an itemized PDF tax invoice containing our European VAT registration number (DE123456789) for our August subscription payment. This issue started occurring after the system maintenance yesterday.,Requesting official VAT invoice for tax filing. Need an itemized PDF tax invoice containing our European VAT registration number (DE123456789) for our August subscription payment. This issue started occurring after the system maintenance yesterday.,Payment,Low
273,Excel crashes when opening large pivot table,"Microsoft Excel 365 freezes and abruptly crashes whenever I open our quarterly sales workbook containing 80,000 rows. Event Viewer logs faulting module ntdll.dll. Logs and system diagnostic details have been captured and can be provided upon request.","Excel crashes when opening large pivot table. Microsoft Excel 365 freezes and abruptly crashes whenever I open our quarterly sales workbook containing 80,000 rows. Event Viewer logs faulting module ntdll.dll. Logs and system diagnostic details have been captured and can be provided upon request.",Software,High
274,[Issue] Laptop display flickering violently,The built-in screen on my Dell Latitude keeps flickering whenever I adjust the hinge. It goes completely black for a few seconds. Need a replacement or cable check. This issue started occurring after the system maintenance yesterday.,[Issue] Laptop display flickering violently. The built-in screen on my Dell Latitude keeps flickering whenever I adjust the hinge. It goes completely black for a few seconds. Need a replacement or cable check. This issue started occurring after the system maintenance yesterday.,Hardware,High
275,Help needed: Session timeout too aggressive kicking out every 5 minutes,"Web portal logs me out every 5 minutes with 'Session Expired', forcing constant MFA re-authentication while working. This is severely impacting our daily operations and client deliverable deadlines.","Help needed: Session timeout too aggressive kicking out every 5 minutes. Web portal logs me out every 5 minutes with 'Session Expired', forcing constant MFA re-authentication while working. This is severely impacting our daily operations and client deliverable deadlines.",Account,Low
276,SSL certificate error visiting company intranet - Request assistance,Web browsers display NET::ERR_CERT_COMMON_NAME_INVALID when accessing internal wiki. Certificate appears expired as of yesterday. Logs and system diagnostic details have been captured and can be provided upon request.,SSL certificate error visiting company intranet - Request assistance. Web browsers display NET::ERR_CERT_COMMON_NAME_INVALID when accessing internal wiki. Certificate appears expired as of yesterday. Logs and system diagnostic details have been captured and can be provided upon request.,Network,High
277,Urgent: Zoom meeting video freezes after 5 minutes,"During video calls Zoom client freezes video feed while audio continues. Graphic driver is up to date, but hardware acceleration setting crashes app. Urgent assistance required as this is blocking our production workflow.","Urgent: Zoom meeting video freezes after 5 minutes. During video calls Zoom client freezes video feed while audio continues. Graphic driver is up to date, but hardware acceleration setting crashes app. Urgent assistance required as this is blocking our production workflow.",Software,High
278,[Issue] Lost smartphone cannot receive MFA 2FA code,Replaced my mobile phone over the weekend and no longer have access to Microsoft Authenticator app. Cannot complete 2FA verification to log in. Logs and system diagnostic details have been captured and can be provided upon request.,[Issue] Lost smartphone cannot receive MFA 2FA code. Replaced my mobile phone over the weekend and no longer have access to Microsoft Authenticator app. Cannot complete 2FA verification to log in. Logs and system diagnostic details have been captured and can be provided upon request.,Account,High
279,Urgent: Laptop display flickering violently,The built-in screen on my Dell Latitude keeps flickering whenever I adjust the hinge. It goes completely black for a few seconds. Need a replacement or cable check. This issue started occurring after the system maintenance yesterday.,Urgent: Laptop display flickering violently. The built-in screen on my Dell Latitude keeps flickering whenever I adjust the hinge. It goes completely black for a few seconds. Need a replacement or cable check. This issue started occurring after the system maintenance yesterday.,Hardware,High
280,Help needed: Missing VCRUNTIME140.dll error on launch,Unable to run corporate ERP application. System error pop-up states: 'The code execution cannot proceed because VCRUNTIME140.dll was not found'. This issue started occurring after the system maintenance yesterday.,Help needed: Missing VCRUNTIME140.dll error on launch. Unable to run corporate ERP application. System error pop-up states: 'The code execution cannot proceed because VCRUNTIME140.dll was not found'. This issue started occurring after the system maintenance yesterday.,Software,Medium
281,Memory consumption on API container growing continuously,"Docker container memory usage rises from 200MB to 3.8GB over 48 hours without releasing, indicating a memory leak in the connection pool. Several other team members in our department are facing the exact same problem.","Memory consumption on API container growing continuously. Docker container memory usage rises from 200MB to 3.8GB over 48 hours without releasing, indicating a memory leak in the connection pool. Several other team members in our department are facing the exact same problem.",Technical Issue,High
282,[Issue] Outlook desktop stuck on loading profile,"Opening Microsoft Outlook hangs indefinitely at the splash screen saying 'Loading Profile'. Tried starting in Safe Mode (outlook.exe /safe) with no success. We noticed this error intermittently over the past week, but now it occurs constantly.","[Issue] Outlook desktop stuck on loading profile. Opening Microsoft Outlook hangs indefinitely at the splash screen saying 'Loading Profile'. Tried starting in Safe Mode (outlook.exe /safe) with no success. We noticed this error intermittently over the past week, but now it occurs constantly.",Software,High
283,Google Chrome memory leak consuming 14GB RAM,"Chrome browser consumes all available system RAM after 3 hours of usage with only 6 tabs open, slowing the entire operating system to a crawl. Logs and system diagnostic details have been captured and can be provided upon request.","Google Chrome memory leak consuming 14GB RAM. Chrome browser consumes all available system RAM after 3 hours of usage with only 6 tabs open, slowing the entire operating system to a crawl. Logs and system diagnostic details have been captured and can be provided upon request.",Software,Medium
284,Zoom meeting video freezes after 5 minutes - Request assistance,"During video calls Zoom client freezes video feed while audio continues. Graphic driver is up to date, but hardware acceleration setting crashes app. Tested across multiple workstations and the behavior is completely reproducible.","Zoom meeting video freezes after 5 minutes - Request assistance. During video calls Zoom client freezes video feed while audio continues. Graphic driver is up to date, but hardware acceleration setting crashes app. Tested across multiple workstations and the behavior is completely reproducible.",Software,Medium
285,Urgent: Blue screen of death SYSTEM_SERVICE_EXCEPTION,"Receiving random BSODs twice daily pointing to win32kfull.sys during normal web browsing and word processing. We noticed this error intermittently over the past week, but now it occurs constantly.","Urgent: Blue screen of death SYSTEM_SERVICE_EXCEPTION. Receiving random BSODs twice daily pointing to win32kfull.sys during normal web browsing and word processing. We noticed this error intermittently over the past week, but now it occurs constantly.",Software,Critical
286,Urgent: Background worker queue stalled and backlog growing,"Celery / Redis background task queue is not processing asynchronous email notification jobs. 15,000 tasks stuck in pending state. Several other team members in our department are facing the exact same problem.","Urgent: Background worker queue stalled and backlog growing. Celery / Redis background task queue is not processing asynchronous email notification jobs. 15,000 tasks stuck in pending state. Several other team members in our department are facing the exact same problem.",Technical Issue,High
287,RAM memory failure causing BSOD,Computer crashed three times today with MEMORY_MANAGEMENT blue screen. Windows Memory Diagnostic tool reported hardware memory problems detected. Logs and system diagnostic details have been captured and can be provided upon request.,RAM memory failure causing BSOD. Computer crashed three times today with MEMORY_MANAGEMENT blue screen. Windows Memory Diagnostic tool reported hardware memory problems detected. Logs and system diagnostic details have been captured and can be provided upon request.,Hardware,High
288,Intermittent WebSocket connection drops in dashboard - Request assistance,"Real-time updates in admin portal disconnect with code 1006 every few minutes, requiring manual page refresh to see new tickets. This is severely impacting our daily operations and client deliverable deadlines.","Intermittent WebSocket connection drops in dashboard - Request assistance. Real-time updates in admin portal disconnect with code 1006 every few minutes, requiring manual page refresh to see new tickets. This is severely impacting our daily operations and client deliverable deadlines.",Technical Issue,Medium
289,Urgent: Garbled UTF-8 character encoding in exported reports,Exported customer names with accents or non-ASCII characters display as 'Ã©' instead of 'é' due to missing charset header in API response. Urgent assistance required as this is blocking our production workflow.,Urgent: Garbled UTF-8 character encoding in exported reports. Exported customer names with accents or non-ASCII characters display as 'Ã©' instead of 'é' due to missing charset header in API response. Urgent assistance required as this is blocking our production workflow.,Technical Issue,High
290,[Issue] IP address conflict error on workstation,Windows notification warning: 'Another computer on this network has the same IP address as this computer'. Network adapter disabled itself. This is severely impacting our daily operations and client deliverable deadlines.,[Issue] IP address conflict error on workstation. Windows notification warning: 'Another computer on this network has the same IP address as this computer'. Network adapter disabled itself. This is severely impacting our daily operations and client deliverable deadlines.,Network,Medium
291,Help needed: RAM memory failure causing BSOD,Computer crashed three times today with MEMORY_MANAGEMENT blue screen. Windows Memory Diagnostic tool reported hardware memory problems detected. Please advise on immediate troubleshooting steps or dispatch a technician.,Help needed: RAM memory failure causing BSOD. Computer crashed three times today with MEMORY_MANAGEMENT blue screen. Windows Memory Diagnostic tool reported hardware memory problems detected. Please advise on immediate troubleshooting steps or dispatch a technician.,Hardware,High
292,Power supply unit burning smell,Desktop PC suddenly lost power and emitted a faint electrical burning odor. System refuses to turn on when power button is pressed. No motherboard LEDs lit. Logs and system diagnostic details have been captured and can be provided upon request.,Power supply unit burning smell. Desktop PC suddenly lost power and emitted a faint electrical burning odor. System refuses to turn on when power button is pressed. No motherboard LEDs lit. Logs and system diagnostic details have been captured and can be provided upon request.,Hardware,Critical
293,Touchscreen digitizer ghost touches,"Surface tablet screen is registering touches in the upper right corner on its own, making it impossible to click anywhere else.","Touchscreen digitizer ghost touches. Surface tablet screen is registering touches in the upper right corner on its own, making it impossible to click anywhere else.",Hardware,Medium
294,Webhook delivery failing with HTTP 404 response,Webhook notifications for event 'ticket.resolved' fail with status 404 to our endpoint https://crm.company.com/webhook. Headers show missing HMAC signature. Urgent assistance required as this is blocking our production workflow.,Webhook delivery failing with HTTP 404 response. Webhook notifications for event 'ticket.resolved' fail with status 404 to our endpoint https://crm.company.com/webhook. Headers show missing HMAC signature. Urgent assistance required as this is blocking our production workflow.,Technical Issue,High
295,Help needed: Mechanical keyboard keys repeating and sticking,The spacebar and Enter key on my office keyboard are sticking physically and registering double keystrokes. Cleaning with compressed air did not fix it. Several other team members in our department are facing the exact same problem.,Help needed: Mechanical keyboard keys repeating and sticking. The spacebar and Enter key on my office keyboard are sticking physically and registering double keystrokes. Cleaning with compressed air did not fix it. Several other team members in our department are facing the exact same problem.,Hardware,Low
296,Antivirus blocking legitimate internal tool - Request assistance,Windows Defender / CrowdStrike flagged our internal deployment script as Trojan:Win32/Wacatac and quarantined the binary file. Tested across multiple workstations and the behavior is completely reproducible.,Antivirus blocking legitimate internal tool - Request assistance. Windows Defender / CrowdStrike flagged our internal deployment script as Trojan:Win32/Wacatac and quarantined the binary file. Tested across multiple workstations and the behavior is completely reproducible.,Software,High
297,Help needed: Proxy server authentication pop-up loop,"Browser continuously prompts for proxy credentials every time a new website is navigated, rejecting valid domain credentials. Logs and system diagnostic details have been captured and can be provided upon request.","Help needed: Proxy server authentication pop-up loop. Browser continuously prompts for proxy credentials every time a new website is navigated, rejecting valid domain credentials. Logs and system diagnostic details have been captured and can be provided upon request.",Network,Medium
298,Text editor formatting tool breaks indentation,"VS Code auto-formatter replaces tabs with corrupted null characters in YAML configuration files, preventing deployment pipelines from running. Tested across multiple workstations and the behavior is completely reproducible.","Text editor formatting tool breaks indentation. VS Code auto-formatter replaces tabs with corrupted null characters in YAML configuration files, preventing deployment pipelines from running. Tested across multiple workstations and the behavior is completely reproducible.",Software,Low
299,VPN client software fails to initialize virtual adapter - Request assistance,GlobalProtect / OpenVPN agent displays 'Failed to create virtual network adapter' during startup sequence. Reinstalling network drivers did not help. This is severely impacting our daily operations and client deliverable deadlines.,VPN client software fails to initialize virtual adapter - Request assistance. GlobalProtect / OpenVPN agent displays 'Failed to create virtual network adapter' during startup sequence. Reinstalling network drivers did not help. This is severely impacting our daily operations and client deliverable deadlines.,Software,High
300,User account locked out after failed password attempts - Request assistance,Entered incorrect password on Monday morning and now my domain account is locked out. Need admin to unlock in Active Directory so I can login. Several other team members in our department are facing the exact same problem.,User account locked out after failed password attempts - Request assistance. Entered incorrect password on Monday morning and now my domain account is locked out. Need admin to unlock in Active Directory so I can login. Several other team members in our department are facing the exact same problem.,Account,High
301,Garbled UTF-8 character encoding in exported reports,Exported customer names with accents or non-ASCII characters display as 'Ã©' instead of 'é' due to missing charset header in API response. Urgent assistance required as this is blocking our production workflow.,Garbled UTF-8 character encoding in exported reports. Exported customer names with accents or non-ASCII characters display as 'Ã©' instead of 'é' due to missing charset header in API response. Urgent assistance required as this is blocking our production workflow.,Technical Issue,High
302,Urgent: Garbled UTF-8 character encoding in exported reports,"Exported customer names with accents or non-ASCII characters display as 'Ã©' instead of 'é' due to missing charset header in API response. We noticed this error intermittently over the past week, but now it occurs constantly.","Urgent: Garbled UTF-8 character encoding in exported reports. Exported customer names with accents or non-ASCII characters display as 'Ã©' instead of 'é' due to missing charset header in API response. We noticed this error intermittently over the past week, but now it occurs constantly.",Technical Issue,Low
303,Text editor formatting tool breaks indentation,"VS Code auto-formatter replaces tabs with corrupted null characters in YAML configuration files, preventing deployment pipelines from running. We noticed this error intermittently over the past week, but now it occurs constantly.","Text editor formatting tool breaks indentation. VS Code auto-formatter replaces tabs with corrupted null characters in YAML configuration files, preventing deployment pipelines from running. We noticed this error intermittently over the past week, but now it occurs constantly.",Software,Low
304,Help needed: API rate limiting triggered incorrectly on internal services,Internal microservice is receiving HTTP 429 Too Many Requests when communicating with the auth service on the local network. Tested across multiple workstations and the behavior is completely reproducible.,Help needed: API rate limiting triggered incorrectly on internal services. Internal microservice is receiving HTTP 429 Too Many Requests when communicating with the auth service on the local network. Tested across multiple workstations and the behavior is completely reproducible.,Technical Issue,High
305,Urgent: Laptop display flickering violently,The built-in screen on my Dell Latitude keeps flickering whenever I adjust the hinge. It goes completely black for a few seconds. Need a replacement or cable check. Logs and system diagnostic details have been captured and can be provided upon request.,Urgent: Laptop display flickering violently. The built-in screen on my Dell Latitude keeps flickering whenever I adjust the hinge. It goes completely black for a few seconds. Need a replacement or cable check. Logs and system diagnostic details have been captured and can be provided upon request.,Hardware,High
306,Access denied permission required for marketing share,Transferred to the Brand Marketing team but receive 'You do not have permission to view this directory' when opening the Marketing Google Drive / SharePoint. Several other team members in our department are facing the exact same problem.,Access denied permission required for marketing share. Transferred to the Brand Marketing team but receive 'You do not have permission to view this directory' when opening the Marketing Google Drive / SharePoint. Several other team members in our department are facing the exact same problem.,Account,Medium
307,Help needed: Cannot update security challenge questions,Account settings page throws error 500 when saving new security verification questions for password self-recovery. Several other team members in our department are facing the exact same problem.,Help needed: Cannot update security challenge questions. Account settings page throws error 500 when saving new security verification questions for password self-recovery. Several other team members in our department are facing the exact same problem.,Account,Low
308,Help needed: Slack desktop client white blank screen,"Slack application opens to a solid blank white window. Ctrl+R to reload does not render UI. Browser version works fine. We have already attempted rebooting the system, but the problem persists.","Help needed: Slack desktop client white blank screen. Slack application opens to a solid blank white window. Ctrl+R to reload does not render UI. Browser version works fine. We have already attempted rebooting the system, but the problem persists.",Software,Low
309,Background worker queue stalled and backlog growing - Request assistance,"Celery / Redis background task queue is not processing asynchronous email notification jobs. 15,000 tasks stuck in pending state. Urgent assistance required as this is blocking our production workflow.","Background worker queue stalled and backlog growing - Request assistance. Celery / Redis background task queue is not processing asynchronous email notification jobs. 15,000 tasks stuck in pending state. Urgent assistance required as this is blocking our production workflow.",Technical Issue,High
310,Help needed: Prorated refund request after seat reduction,We downgraded our team plan from 50 seats to 25 seats at the beginning of the billing cycle. Requesting prorated credit or refund for unused seats. Urgent assistance required as this is blocking our production workflow.,Help needed: Prorated refund request after seat reduction. We downgraded our team plan from 50 seats to 25 seats at the beginning of the billing cycle. Requesting prorated credit or refund for unused seats. Urgent assistance required as this is blocking our production workflow.,Payment,High
311,Power supply unit burning smell - Request assistance,Desktop PC suddenly lost power and emitted a faint electrical burning odor. System refuses to turn on when power button is pressed. No motherboard LEDs lit. Several other team members in our department are facing the exact same problem.,Power supply unit burning smell - Request assistance. Desktop PC suddenly lost power and emitted a faint electrical burning odor. System refuses to turn on when power button is pressed. No motherboard LEDs lit. Several other team members in our department are facing the exact same problem.,Hardware,Critical
312,[Issue] Remove access for departing employee immediately,"Employee has resigned effective immediately today. Please disable AD account, revoke OAuth tokens, and forward emails to manager. We noticed this error intermittently over the past week, but now it occurs constantly.","[Issue] Remove access for departing employee immediately. Employee has resigned effective immediately today. Please disable AD account, revoke OAuth tokens, and forward emails to manager. We noticed this error intermittently over the past week, but now it occurs constantly.",Account,Critical
313,Help needed: User account locked out after failed password attempts,Entered incorrect password on Monday morning and now my domain account is locked out. Need admin to unlock in Active Directory so I can login. This is severely impacting our daily operations and client deliverable deadlines.,Help needed: User account locked out after failed password attempts. Entered incorrect password on Monday morning and now my domain account is locked out. Need admin to unlock in Active Directory so I can login. This is severely impacting our daily operations and client deliverable deadlines.,Account,High
314,Slack desktop client white blank screen,"Slack application opens to a solid blank white window. Ctrl+R to reload does not render UI. Browser version works fine. We have already attempted rebooting the system, but the problem persists.","Slack desktop client white blank screen. Slack application opens to a solid blank white window. Ctrl+R to reload does not render UI. Browser version works fine. We have already attempted rebooting the system, but the problem persists.",Software,Low
315,Help needed: Corporate VPN disconnecting every 10 minutes,"Connected to the office VPN through Cisco AnyConnect, but the tunnel drops intermittently every 10 to 15 minutes with error: 'Connection terminated locally'. We noticed this error intermittently over the past week, but now it occurs constantly.","Help needed: Corporate VPN disconnecting every 10 minutes. Connected to the office VPN through Cisco AnyConnect, but the tunnel drops intermittently every 10 to 15 minutes with error: 'Connection terminated locally'. We noticed this error intermittently over the past week, but now it occurs constantly.",Network,High
316,Help needed: Touchscreen digitizer ghost touches,"Surface tablet screen is registering touches in the upper right corner on its own, making it impossible to click anywhere else. Tested across multiple workstations and the behavior is completely reproducible.","Help needed: Touchscreen digitizer ghost touches. Surface tablet screen is registering touches in the upper right corner on its own, making it impossible to click anywhere else. Tested across multiple workstations and the behavior is completely reproducible.",Hardware,Medium
317,Guest WiFi captive portal not loading,"Visitors connecting to 'Guest-WiFi' do not get redirected to the terms & conditions login page, leaving them without web connectivity. We have already attempted rebooting the system, but the problem persists.","Guest WiFi captive portal not loading. Visitors connecting to 'Guest-WiFi' do not get redirected to the terms & conditions login page, leaving them without web connectivity. We have already attempted rebooting the system, but the problem persists.",Network,Low
318,Requesting W-9 vendor tax form for accounts payable - Request assistance,Our accounting department requires a signed W-9 form and bank ACH direct deposit details before processing the outstanding purchase order. Please advise on immediate troubleshooting steps or dispatch a technician.,Requesting W-9 vendor tax form for accounts payable - Request assistance. Our accounting department requires a signed W-9 form and bank ACH direct deposit details before processing the outstanding purchase order. Please advise on immediate troubleshooting steps or dispatch a technician.,Payment,Low
319,Help needed: Guest contractor account extension required,Contractor engagement for vendor QA has been extended by 30 days. Need their account expiration date extended in Active Directory. This issue started occurring after the system maintenance yesterday.,Help needed: Guest contractor account extension required. Contractor engagement for vendor QA has been extended by 30 days. Need their account expiration date extended in Active Directory. This issue started occurring after the system maintenance yesterday.,Account,Medium
320,Urgent: VPN client software fails to initialize virtual adapter,GlobalProtect / OpenVPN agent displays 'Failed to create virtual network adapter' during startup sequence. Reinstalling network drivers did not help. Urgent assistance required as this is blocking our production workflow.,Urgent: VPN client software fails to initialize virtual adapter. GlobalProtect / OpenVPN agent displays 'Failed to create virtual network adapter' during startup sequence. Reinstalling network drivers did not help. Urgent assistance required as this is blocking our production workflow.,Software,High
321,[Issue] Missing VCRUNTIME140.dll error on launch,Unable to run corporate ERP application. System error pop-up states: 'The code execution cannot proceed because VCRUNTIME140.dll was not found'.,[Issue] Missing VCRUNTIME140.dll error on launch. Unable to run corporate ERP application. System error pop-up states: 'The code execution cannot proceed because VCRUNTIME140.dll was not found'.,Software,Medium
322,Urgent: Software license activation key invalid,"Reinstalled AutoCAD on my new machine, but the company serial number produces error 'Registration-Activation Error (0015.111)'. Need license reactivation. Logs and system diagnostic details have been captured and can be provided upon request.","Urgent: Software license activation key invalid. Reinstalled AutoCAD on my new machine, but the company serial number produces error 'Registration-Activation Error (0015.111)'. Need license reactivation. Logs and system diagnostic details have been captured and can be provided upon request.",Software,Medium
323,[Issue] Conference room TV display color distortion,Main wall display in Conference Room B shows severe purple and green tint over HDMI input. Resetting display settings did not resolve. This issue started occurring after the system maintenance yesterday.,[Issue] Conference room TV display color distortion. Main wall display in Conference Room B shows severe purple and green tint over HDMI input. Resetting display settings did not resolve. This issue started occurring after the system maintenance yesterday.,Hardware,Low
324,VoIP desk phone unregistered from PBX - Request assistance,"Cisco IP phone on desk 14 shows 'Registration Failed'. No dial tone and cannot receive incoming transfers from receptionist. We noticed this error intermittently over the past week, but now it occurs constantly.","VoIP desk phone unregistered from PBX - Request assistance. Cisco IP phone on desk 14 shows 'Registration Failed'. No dial tone and cannot receive incoming transfers from receptionist. We noticed this error intermittently over the past week, but now it occurs constantly.",Network,Medium
325,[Issue] Memory consumption on API container growing continuously,"Docker container memory usage rises from 200MB to 3.8GB over 48 hours without releasing, indicating a memory leak in the connection pool. This issue started occurring after the system maintenance yesterday.","[Issue] Memory consumption on API container growing continuously. Docker container memory usage rises from 200MB to 3.8GB over 48 hours without releasing, indicating a memory leak in the connection pool. This issue started occurring after the system maintenance yesterday.",Technical Issue,High
326,Help needed: Guest contractor account extension required,Contractor engagement for vendor QA has been extended by 30 days. Need their account expiration date extended in Active Directory. This is severely impacting our daily operations and client deliverable deadlines.,Help needed: Guest contractor account extension required. Contractor engagement for vendor QA has been extended by 30 days. Need their account expiration date extended in Active Directory. This is severely impacting our daily operations and client deliverable deadlines.,Account,Medium
327,Headset microphone not picking up audio,"Jabra USB headset audio output works fine, but teammates cannot hear me in Zoom or Teams meetings. Tested mic on Windows Sound settings with 0% input level. We noticed this error intermittently over the past week, but now it occurs constantly.","Headset microphone not picking up audio. Jabra USB headset audio output works fine, but teammates cannot hear me in Zoom or Teams meetings. Tested mic on Windows Sound settings with 0% input level. We noticed this error intermittently over the past week, but now it occurs constantly.",Hardware,Low
328,Firewall blocking outbound port 443 to cloud storage,Requests to AWS S3 buckets and GitHub are timing out from our subnet. Security policy appears to be dropping outbound TCP traffic on port 443.,Firewall blocking outbound port 443 to cloud storage. Requests to AWS S3 buckets and GitHub are timing out from our subnet. Security policy appears to be dropping outbound TCP traffic on port 443.,Network,Critical
329,Subscription auto-renewed after cancellation notice - Request assistance,"Submitted cancellation request 10 days before renewal date, but our credit card was still charged $299 this morning. Requesting full cancellation and refund. Logs and system diagnostic details have been captured and can be provided upon request.","Subscription auto-renewed after cancellation notice - Request assistance. Submitted cancellation request 10 days before renewal date, but our credit card was still charged $299 this morning. Requesting full cancellation and refund. Logs and system diagnostic details have been captured and can be provided upon request.",Payment,High
330,Automated nightly backup script exited with error code 1,Scheduled mysqldump backup job failed at 02:00 AM due to disk space shortage on mount /var/backups. Backup archive is incomplete. Logs and system diagnostic details have been captured and can be provided upon request.,Automated nightly backup script exited with error code 1. Scheduled mysqldump backup job failed at 02:00 AM due to disk space shortage on mount /var/backups. Backup archive is incomplete. Logs and system diagnostic details have been captured and can be provided upon request.,Technical Issue,Critical
331,Stripe checkout payment gateway throwing error 402 - Request assistance,"When attempting to pay invoice online, checkout modal throws error 'Payment Required: card_declined'. Bank confirms no block on our end. This issue started occurring after the system maintenance yesterday.","Stripe checkout payment gateway throwing error 402 - Request assistance. When attempting to pay invoice online, checkout modal throws error 'Payment Required: card_declined'. Bank confirms no block on our end. This issue started occurring after the system maintenance yesterday.",Payment,High
332,Help needed: Requesting W-9 vendor tax form for accounts payable,"Our accounting department requires a signed W-9 form and bank ACH direct deposit details before processing the outstanding purchase order. We noticed this error intermittently over the past week, but now it occurs constantly.","Help needed: Requesting W-9 vendor tax form for accounts payable. Our accounting department requires a signed W-9 form and bank ACH direct deposit details before processing the outstanding purchase order. We noticed this error intermittently over the past week, but now it occurs constantly.",Payment,Low
333,[Issue] External monitor not detected via HDMI,Connected an LG 27-inch monitor to my workstation using HDMI cable. Display settings show 'No Signal detected'. Tried another cable but issue persists. Logs and system diagnostic details have been captured and can be provided upon request.,[Issue] External monitor not detected via HDMI. Connected an LG 27-inch monitor to my workstation using HDMI cable. Display settings show 'No Signal detected'. Tried another cable but issue persists. Logs and system diagnostic details have been captured and can be provided upon request.,Hardware,Medium
334,Wireless mouse cursor jumping erratically - Request assistance,"The Logitech wireless mouse cursor stutters across the screen and skips pixels even with fresh AA batteries. Mousepad is clean. We have already attempted rebooting the system, but the problem persists.","Wireless mouse cursor jumping erratically - Request assistance. The Logitech wireless mouse cursor stutters across the screen and skips pixels even with fresh AA batteries. Mousepad is clean. We have already attempted rebooting the system, but the problem persists.",Hardware,Low
335,Requesting W-9 vendor tax form for accounts payable,Our accounting department requires a signed W-9 form and bank ACH direct deposit details before processing the outstanding purchase order. Urgent assistance required as this is blocking our production workflow.,Requesting W-9 vendor tax form for accounts payable. Our accounting department requires a signed W-9 form and bank ACH direct deposit details before processing the outstanding purchase order. Urgent assistance required as this is blocking our production workflow.,Payment,High
336,Urgent: Power supply unit burning smell,Desktop PC suddenly lost power and emitted a faint electrical burning odor. System refuses to turn on when power button is pressed. No motherboard LEDs lit. This issue started occurring after the system maintenance yesterday.,Urgent: Power supply unit burning smell. Desktop PC suddenly lost power and emitted a faint electrical burning odor. System refuses to turn on when power button is pressed. No motherboard LEDs lit. This issue started occurring after the system maintenance yesterday.,Hardware,Critical
337,[Issue] Touchscreen digitizer ghost touches,"Surface tablet screen is registering touches in the upper right corner on its own, making it impossible to click anywhere else. Tested across multiple workstations and the behavior is completely reproducible.","[Issue] Touchscreen digitizer ghost touches. Surface tablet screen is registering touches in the upper right corner on its own, making it impossible to click anywhere else. Tested across multiple workstations and the behavior is completely reproducible.",Hardware,Medium
338,Urgent: Invoice shows incorrect billing address and company name,The billing address on invoice INV-2026-0889 lists our old office address in London instead of our new headquarters in Manchester. Please reissue. Tested across multiple workstations and the behavior is completely reproducible.,Urgent: Invoice shows incorrect billing address and company name. The billing address on invoice INV-2026-0889 lists our old office address in London instead of our new headquarters in Manchester. Please reissue. Tested across multiple workstations and the behavior is completely reproducible.,Payment,Low
339,Help needed: RAM memory failure causing BSOD,Computer crashed three times today with MEMORY_MANAGEMENT blue screen. Windows Memory Diagnostic tool reported hardware memory problems detected. This is severely impacting our daily operations and client deliverable deadlines.,Help needed: RAM memory failure causing BSOD. Computer crashed three times today with MEMORY_MANAGEMENT blue screen. Windows Memory Diagnostic tool reported hardware memory problems detected. This is severely impacting our daily operations and client deliverable deadlines.,Hardware,High
340,Lost smartphone cannot receive MFA 2FA code,Replaced my mobile phone over the weekend and no longer have access to Microsoft Authenticator app. Cannot complete 2FA verification to log in. This is severely impacting our daily operations and client deliverable deadlines.,Lost smartphone cannot receive MFA 2FA code. Replaced my mobile phone over the weekend and no longer have access to Microsoft Authenticator app. Cannot complete 2FA verification to log in. This is severely impacting our daily operations and client deliverable deadlines.,Account,High
341,Help needed: Ethernet wall jack physically damaged,RJ-45 wall port at cubicle 42 has broken pins inside. Patch cable will not click securely into place and link light does not turn on. This is severely impacting our daily operations and client deliverable deadlines.,Help needed: Ethernet wall jack physically damaged. RJ-45 wall port at cubicle 42 has broken pins inside. Patch cable will not click securely into place and link light does not turn on. This is severely impacting our daily operations and client deliverable deadlines.,Network,Low
342,Help needed: Headset microphone not picking up audio,"Jabra USB headset audio output works fine, but teammates cannot hear me in Zoom or Teams meetings. Tested mic on Windows Sound settings with 0% input level. This issue started occurring after the system maintenance yesterday.","Help needed: Headset microphone not picking up audio. Jabra USB headset audio output works fine, but teammates cannot hear me in Zoom or Teams meetings. Tested mic on Windows Sound settings with 0% input level. This issue started occurring after the system maintenance yesterday.",Hardware,Low
343,Urgent: Conference room TV display color distortion,Main wall display in Conference Room B shows severe purple and green tint over HDMI input. Resetting display settings did not resolve. Logs and system diagnostic details have been captured and can be provided upon request.,Urgent: Conference room TV display color distortion. Main wall display in Conference Room B shows severe purple and green tint over HDMI input. Resetting display settings did not resolve. Logs and system diagnostic details have been captured and can be provided upon request.,Hardware,Low
344,Help needed: Intermittent WebSocket connection drops in dashboard,"Real-time updates in admin portal disconnect with code 1006 every few minutes, requiring manual page refresh to see new tickets. Several other team members in our department are facing the exact same problem.","Help needed: Intermittent WebSocket connection drops in dashboard. Real-time updates in admin portal disconnect with code 1006 every few minutes, requiring manual page refresh to see new tickets. Several other team members in our department are facing the exact same problem.",Technical Issue,Medium
345,[Issue] Slack desktop client white blank screen,Slack application opens to a solid blank white window. Ctrl+R to reload does not render UI. Browser version works fine.,[Issue] Slack desktop client white blank screen. Slack application opens to a solid blank white window. Ctrl+R to reload does not render UI. Browser version works fine.,Software,Low
346,[Issue] Missing VCRUNTIME140.dll error on launch,Unable to run corporate ERP application. System error pop-up states: 'The code execution cannot proceed because VCRUNTIME140.dll was not found'. Tested across multiple workstations and the behavior is completely reproducible.,[Issue] Missing VCRUNTIME140.dll error on launch. Unable to run corporate ERP application. System error pop-up states: 'The code execution cannot proceed because VCRUNTIME140.dll was not found'. Tested across multiple workstations and the behavior is completely reproducible.,Software,Medium
347,Remove access for departing employee immediately,"Employee has resigned effective immediately today. Please disable AD account, revoke OAuth tokens, and forward emails to manager. Several other team members in our department are facing the exact same problem.","Remove access for departing employee immediately. Employee has resigned effective immediately today. Please disable AD account, revoke OAuth tokens, and forward emails to manager. Several other team members in our department are facing the exact same problem.",Account,Critical
348,Urgent: RAM memory failure causing BSOD,Computer crashed three times today with MEMORY_MANAGEMENT blue screen. Windows Memory Diagnostic tool reported hardware memory problems detected. Urgent assistance required as this is blocking our production workflow.,Urgent: RAM memory failure causing BSOD. Computer crashed three times today with MEMORY_MANAGEMENT blue screen. Windows Memory Diagnostic tool reported hardware memory problems detected. Urgent assistance required as this is blocking our production workflow.,Hardware,High
349,SSL certificate error visiting company intranet,Web browsers display NET::ERR_CERT_COMMON_NAME_INVALID when accessing internal wiki. Certificate appears expired as of yesterday. Urgent assistance required as this is blocking our production workflow.,SSL certificate error visiting company intranet. Web browsers display NET::ERR_CERT_COMMON_NAME_INVALID when accessing internal wiki. Certificate appears expired as of yesterday. Urgent assistance required as this is blocking our production workflow.,Network,High
350,Background worker queue stalled and backlog growing,"Celery / Redis background task queue is not processing asynchronous email notification jobs. 15,000 tasks stuck in pending state. Please advise on immediate troubleshooting steps or dispatch a technician.","Background worker queue stalled and backlog growing. Celery / Redis background task queue is not processing asynchronous email notification jobs. 15,000 tasks stuck in pending state. Please advise on immediate troubleshooting steps or dispatch a technician.",Technical Issue,High
351,DNS resolution failure for internal domains,Cannot resolve internal domain portal.internal.company.com. Nslookup returns SERVFAIL from primary DNS server 10.0.0.2. Urgent assistance required as this is blocking our production workflow.,DNS resolution failure for internal domains. Cannot resolve internal domain portal.internal.company.com. Nslookup returns SERVFAIL from primary DNS server 10.0.0.2. Urgent assistance required as this is blocking our production workflow.,Network,High
352,Help needed: Guest WiFi captive portal not loading,"Visitors connecting to 'Guest-WiFi' do not get redirected to the terms & conditions login page, leaving them without web connectivity.","Help needed: Guest WiFi captive portal not loading. Visitors connecting to 'Guest-WiFi' do not get redirected to the terms & conditions login page, leaving them without web connectivity.",Network,Low
353,Urgent: Webhook delivery failing with HTTP 404 response,Webhook notifications for event 'ticket.resolved' fail with status 404 to our endpoint https://crm.company.com/webhook. Headers show missing HMAC signature. Several other team members in our department are facing the exact same problem.,Urgent: Webhook delivery failing with HTTP 404 response. Webhook notifications for event 'ticket.resolved' fail with status 404 to our endpoint https://crm.company.com/webhook. Headers show missing HMAC signature. Several other team members in our department are facing the exact same problem.,Technical Issue,High
354,[Issue] Background worker queue stalled and backlog growing,"Celery / Redis background task queue is not processing asynchronous email notification jobs. 15,000 tasks stuck in pending state.","[Issue] Background worker queue stalled and backlog growing. Celery / Redis background task queue is not processing asynchronous email notification jobs. 15,000 tasks stuck in pending state.",Technical Issue,High
355,Search query elasticsearch index synchronization lag,Newly created tickets do not appear in search results for up to 45 minutes. Full-text search indexer seems to be lagging behind database binlog. Please advise on immediate troubleshooting steps or dispatch a technician.,Search query elasticsearch index synchronization lag. Newly created tickets do not appear in search results for up to 45 minutes. Full-text search indexer seems to be lagging behind database binlog. Please advise on immediate troubleshooting steps or dispatch a technician.,Technical Issue,Medium
356,Wireless mouse cursor jumping erratically,The Logitech wireless mouse cursor stutters across the screen and skips pixels even with fresh AA batteries. Mousepad is clean. Several other team members in our department are facing the exact same problem.,Wireless mouse cursor jumping erratically. The Logitech wireless mouse cursor stutters across the screen and skips pixels even with fresh AA batteries. Mousepad is clean. Several other team members in our department are facing the exact same problem.,Hardware,Low
357,Guest contractor account extension required - Request assistance,Contractor engagement for vendor QA has been extended by 30 days. Need their account expiration date extended in Active Directory. This is severely impacting our daily operations and client deliverable deadlines.,Guest contractor account extension required - Request assistance. Contractor engagement for vendor QA has been extended by 30 days. Need their account expiration date extended in Active Directory. This is severely impacting our daily operations and client deliverable deadlines.,Account,Medium
358,Urgent: User account locked out after failed password attempts,Entered incorrect password on Monday morning and now my domain account is locked out. Need admin to unlock in Active Directory so I can login. Please advise on immediate troubleshooting steps or dispatch a technician.,Urgent: User account locked out after failed password attempts. Entered incorrect password on Monday morning and now my domain account is locked out. Need admin to unlock in Active Directory so I can login. Please advise on immediate troubleshooting steps or dispatch a technician.,Account,High
359,Urgent: Update official primary email address and alias,My last name has legally changed. Please update my primary email address in Google Workspace / Exchange and create an alias for my previous name. This issue started occurring after the system maintenance yesterday.,Urgent: Update official primary email address and alias. My last name has legally changed. Please update my primary email address in Google Workspace / Exchange and create an alias for my previous name. This issue started occurring after the system maintenance yesterday.,Account,Low
360,[Issue] Update official primary email address and alias,My last name has legally changed. Please update my primary email address in Google Workspace / Exchange and create an alias for my previous name. Urgent assistance required as this is blocking our production workflow.,[Issue] Update official primary email address and alias. My last name has legally changed. Please update my primary email address in Google Workspace / Exchange and create an alias for my previous name. Urgent assistance required as this is blocking our production workflow.,Account,High
361,Windows 11 update stuck at 78% loop,Cumulative update KB5034441 has been stuck at 78% for 4 hours. Rebooting causes the system to attempt rollback and install again in an endless loop. This is severely impacting our daily operations and client deliverable deadlines.,Windows 11 update stuck at 78% loop. Cumulative update KB5034441 has been stuck at 78% for 4 hours. Rebooting causes the system to attempt rollback and install again in an endless loop. This is severely impacting our daily operations and client deliverable deadlines.,Software,High
362,Remove access for departing employee immediately,"Employee has resigned effective immediately today. Please disable AD account, revoke OAuth tokens, and forward emails to manager. Please advise on immediate troubleshooting steps or dispatch a technician.","Remove access for departing employee immediately. Employee has resigned effective immediately today. Please disable AD account, revoke OAuth tokens, and forward emails to manager. Please advise on immediate troubleshooting steps or dispatch a technician.",Account,Critical
363,Prorated refund request after seat reduction - Request assistance,We downgraded our team plan from 50 seats to 25 seats at the beginning of the billing cycle. Requesting prorated credit or refund for unused seats. Several other team members in our department are facing the exact same problem.,Prorated refund request after seat reduction - Request assistance. We downgraded our team plan from 50 seats to 25 seats at the beginning of the billing cycle. Requesting prorated credit or refund for unused seats. Several other team members in our department are facing the exact same problem.,Payment,Medium
364,Requesting W-9 vendor tax form for accounts payable,Our accounting department requires a signed W-9 form and bank ACH direct deposit details before processing the outstanding purchase order.,Requesting W-9 vendor tax form for accounts payable. Our accounting department requires a signed W-9 form and bank ACH direct deposit details before processing the outstanding purchase order.,Payment,Low
365,Workstation overheating and shutting down,My desktop PC fans are spinning at maximum RPM and making loud grinding noises. System shut down abruptly twice during rendering with CPU temp at 95C. This issue started occurring after the system maintenance yesterday.,Workstation overheating and shutting down. My desktop PC fans are spinning at maximum RPM and making loud grinding noises. System shut down abruptly twice during rendering with CPU temp at 95C. This issue started occurring after the system maintenance yesterday.,Hardware,Critical
366,Purchase order PO number missing on invoice,Our accounts payable system rejects invoices without PO-98432 printed on the document. Please add PO number and re-send PDF invoice. Logs and system diagnostic details have been captured and can be provided upon request.,Purchase order PO number missing on invoice. Our accounts payable system rejects invoices without PO-98432 printed on the document. Please add PO number and re-send PDF invoice. Logs and system diagnostic details have been captured and can be provided upon request.,Payment,Low
367,Urgent: Remove access for departing employee immediately,"Employee has resigned effective immediately today. Please disable AD account, revoke OAuth tokens, and forward emails to manager. This is severely impacting our daily operations and client deliverable deadlines.","Urgent: Remove access for departing employee immediately. Employee has resigned effective immediately today. Please disable AD account, revoke OAuth tokens, and forward emails to manager. This is severely impacting our daily operations and client deliverable deadlines.",Account,Critical
368,Urgent: Search query elasticsearch index synchronization lag,Newly created tickets do not appear in search results for up to 45 minutes. Full-text search indexer seems to be lagging behind database binlog. Please advise on immediate troubleshooting steps or dispatch a technician.,Urgent: Search query elasticsearch index synchronization lag. Newly created tickets do not appear in search results for up to 45 minutes. Full-text search indexer seems to be lagging behind database binlog. Please advise on immediate troubleshooting steps or dispatch a technician.,Technical Issue,Medium
369,Frequent dropped calls on Microsoft Teams,Teams voice and video calls consistently stutter and disconnect with warning 'Your network is causing poor call quality'. Urgent assistance required as this is blocking our production workflow.,Frequent dropped calls on Microsoft Teams. Teams voice and video calls consistently stutter and disconnect with warning 'Your network is causing poor call quality'. Urgent assistance required as this is blocking our production workflow.,Network,High
370,Urgent: Workstation overheating and shutting down,My desktop PC fans are spinning at maximum RPM and making loud grinding noises. System shut down abruptly twice during rendering with CPU temp at 95C. Please advise on immediate troubleshooting steps or dispatch a technician.,Urgent: Workstation overheating and shutting down. My desktop PC fans are spinning at maximum RPM and making loud grinding noises. System shut down abruptly twice during rendering with CPU temp at 95C. Please advise on immediate troubleshooting steps or dispatch a technician.,Hardware,Critical
371,Shared mailbox permission missing in Outlook - Request assistance,Need 'Send As' and 'Read and Manage' permissions granted for shared mailbox info@company.com. Several other team members in our department are facing the exact same problem.,Shared mailbox permission missing in Outlook - Request assistance. Need 'Send As' and 'Read and Manage' permissions granted for shared mailbox info@company.com. Several other team members in our department are facing the exact same problem.,Account,Low
372,[Issue] Windows 11 update stuck at 78% loop,Cumulative update KB5034441 has been stuck at 78% for 4 hours. Rebooting causes the system to attempt rollback and install again in an endless loop. Logs and system diagnostic details have been captured and can be provided upon request.,[Issue] Windows 11 update stuck at 78% loop. Cumulative update KB5034441 has been stuck at 78% for 4 hours. Rebooting causes the system to attempt rollback and install again in an endless loop. Logs and system diagnostic details have been captured and can be provided upon request.,Software,High
373,Help needed: Firewall blocking outbound port 443 to cloud storage,Requests to AWS S3 buckets and GitHub are timing out from our subnet. Security policy appears to be dropping outbound TCP traffic on port 443. Urgent assistance required as this is blocking our production workflow.,Help needed: Firewall blocking outbound port 443 to cloud storage. Requests to AWS S3 buckets and GitHub are timing out from our subnet. Security policy appears to be dropping outbound TCP traffic on port 443. Urgent assistance required as this is blocking our production workflow.,Network,Critical
374,[Issue] Credit card charged twice for annual subscription,"Our company credit card was charged $1,200 twice on September 15th for the annual enterprise license. Please reverse the duplicate transaction. Please advise on immediate troubleshooting steps or dispatch a technician.","[Issue] Credit card charged twice for annual subscription. Our company credit card was charged $1,200 twice on September 15th for the annual enterprise license. Please reverse the duplicate transaction. Please advise on immediate troubleshooting steps or dispatch a technician.",Payment,High
375,Touchscreen digitizer ghost touches - Request assistance,"Surface tablet screen is registering touches in the upper right corner on its own, making it impossible to click anywhere else. Logs and system diagnostic details have been captured and can be provided upon request.","Touchscreen digitizer ghost touches - Request assistance. Surface tablet screen is registering touches in the upper right corner on its own, making it impossible to click anywhere else. Logs and system diagnostic details have been captured and can be provided upon request.",Hardware,Medium
376,Urgent: Single Sign-On SSO authentication loop on Okta,Clicking on Jira or Confluence through Okta dashboard redirects in an infinite loop back to the login portal without signing in. Tested across multiple workstations and the behavior is completely reproducible.,Urgent: Single Sign-On SSO authentication loop on Okta. Clicking on Jira or Confluence through Okta dashboard redirects in an infinite loop back to the login portal without signing in. Tested across multiple workstations and the behavior is completely reproducible.,Account,High
377,Missing VCRUNTIME140.dll error on launch - Request assistance,Unable to run corporate ERP application. System error pop-up states: 'The code execution cannot proceed because VCRUNTIME140.dll was not found'. Urgent assistance required as this is blocking our production workflow.,Missing VCRUNTIME140.dll error on launch - Request assistance. Unable to run corporate ERP application. System error pop-up states: 'The code execution cannot proceed because VCRUNTIME140.dll was not found'. Urgent assistance required as this is blocking our production workflow.,Software,High
378,Urgent: Firewall blocking outbound port 443 to cloud storage,Requests to AWS S3 buckets and GitHub are timing out from our subnet. Security policy appears to be dropping outbound TCP traffic on port 443. Logs and system diagnostic details have been captured and can be provided upon request.,Urgent: Firewall blocking outbound port 443 to cloud storage. Requests to AWS S3 buckets and GitHub are timing out from our subnet. Security policy appears to be dropping outbound TCP traffic on port 443. Logs and system diagnostic details have been captured and can be provided upon request.,Network,Critical
379,Urgent: Session timeout too aggressive kicking out every 5 minutes,"Web portal logs me out every 5 minutes with 'Session Expired', forcing constant MFA re-authentication while working. Logs and system diagnostic details have been captured and can be provided upon request.","Urgent: Session timeout too aggressive kicking out every 5 minutes. Web portal logs me out every 5 minutes with 'Session Expired', forcing constant MFA re-authentication while working. Logs and system diagnostic details have been captured and can be provided upon request.",Account,Low
380,[Issue] Blue screen of death SYSTEM_SERVICE_EXCEPTION,Receiving random BSODs twice daily pointing to win32kfull.sys during normal web browsing and word processing. Several other team members in our department are facing the exact same problem.,[Issue] Blue screen of death SYSTEM_SERVICE_EXCEPTION. Receiving random BSODs twice daily pointing to win32kfull.sys during normal web browsing and word processing. Several other team members in our department are facing the exact same problem.,Software,Critical
381,Urgent: Slow network bandwidth and high packet loss,Upload and download speeds on wired ethernet are capped under 2 Mbps instead of the Gigabit link. Ping tests show 35% packet loss to local gateway. This issue started occurring after the system maintenance yesterday.,Urgent: Slow network bandwidth and high packet loss. Upload and download speeds on wired ethernet are capped under 2 Mbps instead of the Gigabit link. Ping tests show 35% packet loss to local gateway. This issue started occurring after the system maintenance yesterday.,Network,High
382,Urgent: Wireless mouse cursor jumping erratically,The Logitech wireless mouse cursor stutters across the screen and skips pixels even with fresh AA batteries. Mousepad is clean. This is severely impacting our daily operations and client deliverable deadlines.,Urgent: Wireless mouse cursor jumping erratically. The Logitech wireless mouse cursor stutters across the screen and skips pixels even with fresh AA batteries. Mousepad is clean. This is severely impacting our daily operations and client deliverable deadlines.,Hardware,Low
383,Touchscreen digitizer ghost touches,"Surface tablet screen is registering touches in the upper right corner on its own, making it impossible to click anywhere else. Several other team members in our department are facing the exact same problem.","Touchscreen digitizer ghost touches. Surface tablet screen is registering touches in the upper right corner on its own, making it impossible to click anywhere else. Several other team members in our department are facing the exact same problem.",Hardware,Medium
384,Urgent: Intermittent WebSocket connection drops in dashboard,"Real-time updates in admin portal disconnect with code 1006 every few minutes, requiring manual page refresh to see new tickets. Urgent assistance required as this is blocking our production workflow.","Urgent: Intermittent WebSocket connection drops in dashboard. Real-time updates in admin portal disconnect with code 1006 every few minutes, requiring manual page refresh to see new tickets. Urgent assistance required as this is blocking our production workflow.",Technical Issue,High
385,Requesting official VAT invoice for tax filing - Request assistance,Need an itemized PDF tax invoice containing our European VAT registration number (DE123456789) for our August subscription payment. This is severely impacting our daily operations and client deliverable deadlines.,Requesting official VAT invoice for tax filing - Request assistance. Need an itemized PDF tax invoice containing our European VAT registration number (DE123456789) for our August subscription payment. This is severely impacting our daily operations and client deliverable deadlines.,Payment,Low
386,Billing currency incorrect charged in EUR instead of USD,"Our master services agreement stipulates USD billing, but latest charge came through as 499 EUR with high foreign exchange fees.","Billing currency incorrect charged in EUR instead of USD. Our master services agreement stipulates USD billing, but latest charge came through as 499 EUR with high foreign exchange fees.",Payment,Medium
387,Help needed: Bank wire transfer payment not reflected in account balance,"Wire transfer of $5,000 sent on Thursday with reference WT-4481. Account still shows overdue status and service suspension warning. Please advise on immediate troubleshooting steps or dispatch a technician.","Help needed: Bank wire transfer payment not reflected in account balance. Wire transfer of $5,000 sent on Thursday with reference WT-4481. Account still shows overdue status and service suspension warning. Please advise on immediate troubleshooting steps or dispatch a technician.",Payment,Critical
388,Urgent: Slack desktop client white blank screen,"Slack application opens to a solid blank white window. Ctrl+R to reload does not render UI. Browser version works fine. We noticed this error intermittently over the past week, but now it occurs constantly.","Urgent: Slack desktop client white blank screen. Slack application opens to a solid blank white window. Ctrl+R to reload does not render UI. Browser version works fine. We noticed this error intermittently over the past week, but now it occurs constantly.",Software,Low
389,Urgent: Software license activation key invalid,"Reinstalled AutoCAD on my new machine, but the company serial number produces error 'Registration-Activation Error (0015.111)'. Need license reactivation. Several other team members in our department are facing the exact same problem.","Urgent: Software license activation key invalid. Reinstalled AutoCAD on my new machine, but the company serial number produces error 'Registration-Activation Error (0015.111)'. Need license reactivation. Several other team members in our department are facing the exact same problem.",Software,Medium
390,Help needed: Conference room TV display color distortion,Main wall display in Conference Room B shows severe purple and green tint over HDMI input. Resetting display settings did not resolve. Tested across multiple workstations and the behavior is completely reproducible.,Help needed: Conference room TV display color distortion. Main wall display in Conference Room B shows severe purple and green tint over HDMI input. Resetting display settings did not resolve. Tested across multiple workstations and the behavior is completely reproducible.,Hardware,Low
391,Session timeout too aggressive kicking out every 5 minutes - Request assistance,"Web portal logs me out every 5 minutes with 'Session Expired', forcing constant MFA re-authentication while working. This is severely impacting our daily operations and client deliverable deadlines.","Session timeout too aggressive kicking out every 5 minutes - Request assistance. Web portal logs me out every 5 minutes with 'Session Expired', forcing constant MFA re-authentication while working. This is severely impacting our daily operations and client deliverable deadlines.",Account,Low
392,[Issue] Requesting W-9 vendor tax form for accounts payable,Our accounting department requires a signed W-9 form and bank ACH direct deposit details before processing the outstanding purchase order. Logs and system diagnostic details have been captured and can be provided upon request.,[Issue] Requesting W-9 vendor tax form for accounts payable. Our accounting department requires a signed W-9 form and bank ACH direct deposit details before processing the outstanding purchase order. Logs and system diagnostic details have been captured and can be provided upon request.,Payment,Low
393,[Issue] Laptop display flickering violently,"The built-in screen on my Dell Latitude keeps flickering whenever I adjust the hinge. It goes completely black for a few seconds. Need a replacement or cable check. We have already attempted rebooting the system, but the problem persists.","[Issue] Laptop display flickering violently. The built-in screen on my Dell Latitude keeps flickering whenever I adjust the hinge. It goes completely black for a few seconds. Need a replacement or cable check. We have already attempted rebooting the system, but the problem persists.",Hardware,High
394,Help needed: Slack desktop client white blank screen,Slack application opens to a solid blank white window. Ctrl+R to reload does not render UI. Browser version works fine. Logs and system diagnostic details have been captured and can be provided upon request.,Help needed: Slack desktop client white blank screen. Slack application opens to a solid blank white window. Ctrl+R to reload does not render UI. Browser version works fine. Logs and system diagnostic details have been captured and can be provided upon request.,Software,Low
395,Urgent: Memory consumption on API container growing continuously,"Docker container memory usage rises from 200MB to 3.8GB over 48 hours without releasing, indicating a memory leak in the connection pool. Urgent assistance required as this is blocking our production workflow.","Urgent: Memory consumption on API container growing continuously. Docker container memory usage rises from 200MB to 3.8GB over 48 hours without releasing, indicating a memory leak in the connection pool. Urgent assistance required as this is blocking our production workflow.",Technical Issue,High
396,Urgent: Account deactivated following departmental transfer,My Active Directory account was accidentally marked as disabled during my transfer from Support to Engineering. Cannot access workstation. Please advise on immediate troubleshooting steps or dispatch a technician.,Urgent: Account deactivated following departmental transfer. My Active Directory account was accidentally marked as disabled during my transfer from Support to Engineering. Cannot access workstation. Please advise on immediate troubleshooting steps or dispatch a technician.,Account,Critical
397,[Issue] Slack desktop client white blank screen,"Slack application opens to a solid blank white window. Ctrl+R to reload does not render UI. Browser version works fine. We noticed this error intermittently over the past week, but now it occurs constantly.","[Issue] Slack desktop client white blank screen. Slack application opens to a solid blank white window. Ctrl+R to reload does not render UI. Browser version works fine. We noticed this error intermittently over the past week, but now it occurs constantly.",Software,Low
398,Blue screen of death SYSTEM_SERVICE_EXCEPTION - Request assistance,Receiving random BSODs twice daily pointing to win32kfull.sys during normal web browsing and word processing. Urgent assistance required as this is blocking our production workflow.,Blue screen of death SYSTEM_SERVICE_EXCEPTION - Request assistance. Receiving random BSODs twice daily pointing to win32kfull.sys during normal web browsing and word processing. Urgent assistance required as this is blocking our production workflow.,Software,Critical
399,Help needed: Billing currency incorrect charged in EUR instead of USD,"Our master services agreement stipulates USD billing, but latest charge came through as 499 EUR with high foreign exchange fees. Logs and system diagnostic details have been captured and can be provided upon request.","Help needed: Billing currency incorrect charged in EUR instead of USD. Our master services agreement stipulates USD billing, but latest charge came through as 499 EUR with high foreign exchange fees. Logs and system diagnostic details have been captured and can be provided upon request.",Payment,Medium
400,Help needed: Frequent dropped calls on Microsoft Teams,Teams voice and video calls consistently stutter and disconnect with warning 'Your network is causing poor call quality'. Urgent assistance required as this is blocking our production workflow.,Help needed: Frequent dropped calls on Microsoft Teams. Teams voice and video calls consistently stutter and disconnect with warning 'Your network is causing poor call quality'. Urgent assistance required as this is blocking our production workflow.,Network,High
401,[Issue] Password reset link expired before use,"Requested a self-service password reset email, but clicking the token link gives error 'Reset token has expired'. Please send a fresh reset link. This is severely impacting our daily operations and client deliverable deadlines.","[Issue] Password reset link expired before use. Requested a self-service password reset email, but clicking the token link gives error 'Reset token has expired'. Please send a fresh reset link. This is severely impacting our daily operations and client deliverable deadlines.",Account,Medium
402,Urgent: Unauthorized login attempt detected from foreign IP,Received security alert email indicating a successful login attempt from an unknown device in Romania. Need immediate password reset and session purge. Tested across multiple workstations and the behavior is completely reproducible.,Urgent: Unauthorized login attempt detected from foreign IP. Received security alert email indicating a successful login attempt from an unknown device in Romania. Need immediate password reset and session purge. Tested across multiple workstations and the behavior is completely reproducible.,Account,Critical
403,Laptop display flickering violently - Request assistance,"The built-in screen on my Dell Latitude keeps flickering whenever I adjust the hinge. It goes completely black for a few seconds. Need a replacement or cable check. We have already attempted rebooting the system, but the problem persists.","Laptop display flickering violently - Request assistance. The built-in screen on my Dell Latitude keeps flickering whenever I adjust the hinge. It goes completely black for a few seconds. Need a replacement or cable check. We have already attempted rebooting the system, but the problem persists.",Hardware,High
404,Help needed: Search query elasticsearch index synchronization lag,Newly created tickets do not appear in search results for up to 45 minutes. Full-text search indexer seems to be lagging behind database binlog. Logs and system diagnostic details have been captured and can be provided upon request.,Help needed: Search query elasticsearch index synchronization lag. Newly created tickets do not appear in search results for up to 45 minutes. Full-text search indexer seems to be lagging behind database binlog. Logs and system diagnostic details have been captured and can be provided upon request.,Technical Issue,Medium
405,Database query connection timeout during peak hours - Request assistance,"Database connection pool exhausted on master MySQL cluster. Client applications receive 'OperationalError 2006: MySQL server has gone away'. We noticed this error intermittently over the past week, but now it occurs constantly.","Database query connection timeout during peak hours - Request assistance. Database connection pool exhausted on master MySQL cluster. Client applications receive 'OperationalError 2006: MySQL server has gone away'. We noticed this error intermittently over the past week, but now it occurs constantly.",Technical Issue,Critical
406,Shared mailbox permission missing in Outlook,Need 'Send As' and 'Read and Manage' permissions granted for shared mailbox info@company.com. Urgent assistance required as this is blocking our production workflow.,Shared mailbox permission missing in Outlook. Need 'Send As' and 'Read and Manage' permissions granted for shared mailbox info@company.com. Urgent assistance required as this is blocking our production workflow.,Account,High
407,[Issue] Failed charge penalty fee charged in error,"Account statement includes a $25 late payment penalty fee, but our automatic debit was authorized before the due date. Please waive fee. Several other team members in our department are facing the exact same problem.","[Issue] Failed charge penalty fee charged in error. Account statement includes a $25 late payment penalty fee, but our automatic debit was authorized before the due date. Please waive fee. Several other team members in our department are facing the exact same problem.",Payment,Low
408,Urgent: Antivirus blocking legitimate internal tool,"Windows Defender / CrowdStrike flagged our internal deployment script as Trojan:Win32/Wacatac and quarantined the binary file. We noticed this error intermittently over the past week, but now it occurs constantly.","Urgent: Antivirus blocking legitimate internal tool. Windows Defender / CrowdStrike flagged our internal deployment script as Trojan:Win32/Wacatac and quarantined the binary file. We noticed this error intermittently over the past week, but now it occurs constantly.",Software,High
409,Requesting official VAT invoice for tax filing - Request assistance,Need an itemized PDF tax invoice containing our European VAT registration number (DE123456789) for our August subscription payment. Tested across multiple workstations and the behavior is completely reproducible.,Requesting official VAT invoice for tax filing - Request assistance. Need an itemized PDF tax invoice containing our European VAT registration number (DE123456789) for our August subscription payment. Tested across multiple workstations and the behavior is completely reproducible.,Payment,Low
410,[Issue] File compression utility producing corrupted archives,7-Zip creates archives that fail CRC checksum validation when extracted on recipient workstations. Error: 'Data error in encrypted file'. Logs and system diagnostic details have been captured and can be provided upon request.,[Issue] File compression utility producing corrupted archives. 7-Zip creates archives that fail CRC checksum validation when extracted on recipient workstations. Error: 'Data error in encrypted file'. Logs and system diagnostic details have been captured and can be provided upon request.,Software,Low
411,Help needed: Intermittent WebSocket connection drops in dashboard,"Real-time updates in admin portal disconnect with code 1006 every few minutes, requiring manual page refresh to see new tickets. Please advise on immediate troubleshooting steps or dispatch a technician.","Help needed: Intermittent WebSocket connection drops in dashboard. Real-time updates in admin portal disconnect with code 1006 every few minutes, requiring manual page refresh to see new tickets. Please advise on immediate troubleshooting steps or dispatch a technician.",Technical Issue,Medium
412,Urgent: Cannot update security challenge questions,Account settings page throws error 500 when saving new security verification questions for password self-recovery. Logs and system diagnostic details have been captured and can be provided upon request.,Urgent: Cannot update security challenge questions. Account settings page throws error 500 when saving new security verification questions for password self-recovery. Logs and system diagnostic details have been captured and can be provided upon request.,Account,Low
413,Urgent: New employee onboarding credentials not received,New software engineer starts today but has not received their initial login credentials or temporary password for company email. Urgent assistance required as this is blocking our production workflow.,Urgent: New employee onboarding credentials not received. New software engineer starts today but has not received their initial login credentials or temporary password for company email. Urgent assistance required as this is blocking our production workflow.,Account,High
414,Help needed: Password reset link expired before use,"Requested a self-service password reset email, but clicking the token link gives error 'Reset token has expired'. Please send a fresh reset link. We have already attempted rebooting the system, but the problem persists.","Help needed: Password reset link expired before use. Requested a self-service password reset email, but clicking the token link gives error 'Reset token has expired'. Please send a fresh reset link. We have already attempted rebooting the system, but the problem persists.",Account,Medium
415,[Issue] Guest contractor account extension required,Contractor engagement for vendor QA has been extended by 30 days. Need their account expiration date extended in Active Directory. Several other team members in our department are facing the exact same problem.,[Issue] Guest contractor account extension required. Contractor engagement for vendor QA has been extended by 30 days. Need their account expiration date extended in Active Directory. Several other team members in our department are facing the exact same problem.,Account,Medium
416,Help needed: Billing currency incorrect charged in EUR instead of USD,"Our master services agreement stipulates USD billing, but latest charge came through as 499 EUR with high foreign exchange fees. Urgent assistance required as this is blocking our production workflow.","Help needed: Billing currency incorrect charged in EUR instead of USD. Our master services agreement stipulates USD billing, but latest charge came through as 499 EUR with high foreign exchange fees. Urgent assistance required as this is blocking our production workflow.",Payment,High
417,Remove access for departing employee immediately - Request assistance,"Employee has resigned effective immediately today. Please disable AD account, revoke OAuth tokens, and forward emails to manager. Please advise on immediate troubleshooting steps or dispatch a technician.","Remove access for departing employee immediately - Request assistance. Employee has resigned effective immediately today. Please disable AD account, revoke OAuth tokens, and forward emails to manager. Please advise on immediate troubleshooting steps or dispatch a technician.",Account,Critical
418,API rate limiting triggered incorrectly on internal services,Internal microservice is receiving HTTP 429 Too Many Requests when communicating with the auth service on the local network.,API rate limiting triggered incorrectly on internal services. Internal microservice is receiving HTTP 429 Too Many Requests when communicating with the auth service on the local network.,Technical Issue,High
419,[Issue] Hard drive clicking noise and I/O error,Secondary internal 1TB Seagate drive is producing rhythmic clicking noises. Windows Explorer freezes and throws 'The request failed due to a fatal device hardware error'. Please advise on immediate troubleshooting steps or dispatch a technician.,[Issue] Hard drive clicking noise and I/O error. Secondary internal 1TB Seagate drive is producing rhythmic clicking noises. Windows Explorer freezes and throws 'The request failed due to a fatal device hardware error'. Please advise on immediate troubleshooting steps or dispatch a technician.,Hardware,High
420,[Issue] Payment receipt not emailed after successful transaction,Credit card was successfully charged yesterday but confirmation receipt and license key were not delivered to billing@company.com. Please advise on immediate troubleshooting steps or dispatch a technician.,[Issue] Payment receipt not emailed after successful transaction. Credit card was successfully charged yesterday but confirmation receipt and license key were not delivered to billing@company.com. Please advise on immediate troubleshooting steps or dispatch a technician.,Payment,Low
421,Help needed: IP address conflict error on workstation,Windows notification warning: 'Another computer on this network has the same IP address as this computer'. Network adapter disabled itself. Please advise on immediate troubleshooting steps or dispatch a technician.,Help needed: IP address conflict error on workstation. Windows notification warning: 'Another computer on this network has the same IP address as this computer'. Network adapter disabled itself. Please advise on immediate troubleshooting steps or dispatch a technician.,Network,Medium
422,Help needed: SSL handshake failure between microservices,Service mesh communication failed with 'SSL: CERTIFICATE_VERIFY_FAILED: certificate has expired' between billing and user services. This issue started occurring after the system maintenance yesterday.,Help needed: SSL handshake failure between microservices. Service mesh communication failed with 'SSL: CERTIFICATE_VERIFY_FAILED: certificate has expired' between billing and user services. This issue started occurring after the system maintenance yesterday.,Technical Issue,Critical
423,[Issue] VPN client software fails to initialize virtual adapter,GlobalProtect / OpenVPN agent displays 'Failed to create virtual network adapter' during startup sequence. Reinstalling network drivers did not help. Logs and system diagnostic details have been captured and can be provided upon request.,[Issue] VPN client software fails to initialize virtual adapter. GlobalProtect / OpenVPN agent displays 'Failed to create virtual network adapter' during startup sequence. Reinstalling network drivers did not help. Logs and system diagnostic details have been captured and can be provided upon request.,Software,High
424,Wireless mouse cursor jumping erratically,"The Logitech wireless mouse cursor stutters across the screen and skips pixels even with fresh AA batteries. Mousepad is clean. We noticed this error intermittently over the past week, but now it occurs constantly.","Wireless mouse cursor jumping erratically. The Logitech wireless mouse cursor stutters across the screen and skips pixels even with fresh AA batteries. Mousepad is clean. We noticed this error intermittently over the past week, but now it occurs constantly.",Hardware,Low
425,Urgent: Background worker queue stalled and backlog growing,"Celery / Redis background task queue is not processing asynchronous email notification jobs. 15,000 tasks stuck in pending state. We noticed this error intermittently over the past week, but now it occurs constantly.","Urgent: Background worker queue stalled and backlog growing. Celery / Redis background task queue is not processing asynchronous email notification jobs. 15,000 tasks stuck in pending state. We noticed this error intermittently over the past week, but now it occurs constantly.",Technical Issue,High
426,Help needed: High latency spike to Europe branch office,"Site-to-site IPsec VPN tunnel between US and EU offices experiencing 450ms latency, causing database replication delays. Tested across multiple workstations and the behavior is completely reproducible.","Help needed: High latency spike to Europe branch office. Site-to-site IPsec VPN tunnel between US and EU offices experiencing 450ms latency, causing database replication delays. Tested across multiple workstations and the behavior is completely reproducible.",Network,High
427,[Issue] Billing currency incorrect charged in EUR instead of USD,"Our master services agreement stipulates USD billing, but latest charge came through as 499 EUR with high foreign exchange fees. Logs and system diagnostic details have been captured and can be provided upon request.","[Issue] Billing currency incorrect charged in EUR instead of USD. Our master services agreement stipulates USD billing, but latest charge came through as 499 EUR with high foreign exchange fees. Logs and system diagnostic details have been captured and can be provided upon request.",Payment,Medium
428,Urgent: Garbled UTF-8 character encoding in exported reports,Exported customer names with accents or non-ASCII characters display as 'Ã©' instead of 'é' due to missing charset header in API response. Please advise on immediate troubleshooting steps or dispatch a technician.,Urgent: Garbled UTF-8 character encoding in exported reports. Exported customer names with accents or non-ASCII characters display as 'Ã©' instead of 'é' due to missing charset header in API response. Please advise on immediate troubleshooting steps or dispatch a technician.,Technical Issue,Low
429,Subscription renewal failed due to expired corporate card - Request assistance,Received notification that our monthly SaaS subscription failed to renew because card ending in 4012 is expired. Need to update payment method. Several other team members in our department are facing the exact same problem.,Subscription renewal failed due to expired corporate card - Request assistance. Received notification that our monthly SaaS subscription failed to renew because card ending in 4012 is expired. Need to update payment method. Several other team members in our department are facing the exact same problem.,Payment,High
430,[Issue] Guest WiFi captive portal not loading,"Visitors connecting to 'Guest-WiFi' do not get redirected to the terms & conditions login page, leaving them without web connectivity. Tested across multiple workstations and the behavior is completely reproducible.","[Issue] Guest WiFi captive portal not loading. Visitors connecting to 'Guest-WiFi' do not get redirected to the terms & conditions login page, leaving them without web connectivity. Tested across multiple workstations and the behavior is completely reproducible.",Network,Low
431,Urgent: SSL handshake failure between microservices,Service mesh communication failed with 'SSL: CERTIFICATE_VERIFY_FAILED: certificate has expired' between billing and user services. Tested across multiple workstations and the behavior is completely reproducible.,Urgent: SSL handshake failure between microservices. Service mesh communication failed with 'SSL: CERTIFICATE_VERIFY_FAILED: certificate has expired' between billing and user services. Tested across multiple workstations and the behavior is completely reproducible.,Technical Issue,Critical
432,Subscription renewal failed due to expired corporate card - Request assistance,"Received notification that our monthly SaaS subscription failed to renew because card ending in 4012 is expired. Need to update payment method. We noticed this error intermittently over the past week, but now it occurs constantly.","Subscription renewal failed due to expired corporate card - Request assistance. Received notification that our monthly SaaS subscription failed to renew because card ending in 4012 is expired. Need to update payment method. We noticed this error intermittently over the past week, but now it occurs constantly.",Payment,High
433,Help needed: Subscription renewal failed due to expired corporate card,Received notification that our monthly SaaS subscription failed to renew because card ending in 4012 is expired. Need to update payment method. Several other team members in our department are facing the exact same problem.,Help needed: Subscription renewal failed due to expired corporate card. Received notification that our monthly SaaS subscription failed to renew because card ending in 4012 is expired. Need to update payment method. Several other team members in our department are facing the exact same problem.,Payment,High
434,[Issue] Cannot access shared network drive Z:,File Explorer reports 'The network path was not found' when trying to open mapped network drive \\fileserver01\finance. Other users can access it. Urgent assistance required as this is blocking our production workflow.,[Issue] Cannot access shared network drive Z:. File Explorer reports 'The network path was not found' when trying to open mapped network drive \\fileserver01\finance. Other users can access it. Urgent assistance required as this is blocking our production workflow.,Network,High
435,Urgent: Adobe Acrobat Reader crashing on PDF sign,"Whenever I attempt to place a digital certificate signature on contract documents, Adobe Acrobat DC closes immediately without an error message. This is severely impacting our daily operations and client deliverable deadlines.","Urgent: Adobe Acrobat Reader crashing on PDF sign. Whenever I attempt to place a digital certificate signature on contract documents, Adobe Acrobat DC closes immediately without an error message. This is severely impacting our daily operations and client deliverable deadlines.",Software,High
436,Proxy server authentication pop-up loop,"Browser continuously prompts for proxy credentials every time a new website is navigated, rejecting valid domain credentials.","Proxy server authentication pop-up loop. Browser continuously prompts for proxy credentials every time a new website is navigated, rejecting valid domain credentials.",Network,Medium
437,Search query elasticsearch index synchronization lag - Request assistance,Newly created tickets do not appear in search results for up to 45 minutes. Full-text search indexer seems to be lagging behind database binlog. Tested across multiple workstations and the behavior is completely reproducible.,Search query elasticsearch index synchronization lag - Request assistance. Newly created tickets do not appear in search results for up to 45 minutes. Full-text search indexer seems to be lagging behind database binlog. Tested across multiple workstations and the behavior is completely reproducible.,Technical Issue,Medium
438,[Issue] IP address conflict error on workstation,Windows notification warning: 'Another computer on this network has the same IP address as this computer'. Network adapter disabled itself. This is severely impacting our daily operations and client deliverable deadlines.,[Issue] IP address conflict error on workstation. Windows notification warning: 'Another computer on this network has the same IP address as this computer'. Network adapter disabled itself. This is severely impacting our daily operations and client deliverable deadlines.,Network,Medium
439,Help needed: Slack desktop client white blank screen,Slack application opens to a solid blank white window. Ctrl+R to reload does not render UI. Browser version works fine. Please advise on immediate troubleshooting steps or dispatch a technician.,Help needed: Slack desktop client white blank screen. Slack application opens to a solid blank white window. Ctrl+R to reload does not render UI. Browser version works fine. Please advise on immediate troubleshooting steps or dispatch a technician.,Software,Low
440,Help needed: Automated nightly backup script exited with error code 1,Scheduled mysqldump backup job failed at 02:00 AM due to disk space shortage on mount /var/backups. Backup archive is incomplete. Several other team members in our department are facing the exact same problem.,Help needed: Automated nightly backup script exited with error code 1. Scheduled mysqldump backup job failed at 02:00 AM due to disk space shortage on mount /var/backups. Backup archive is incomplete. Several other team members in our department are facing the exact same problem.,Technical Issue,Critical
441,Urgent: Update official primary email address and alias,My last name has legally changed. Please update my primary email address in Google Workspace / Exchange and create an alias for my previous name. This is severely impacting our daily operations and client deliverable deadlines.,Urgent: Update official primary email address and alias. My last name has legally changed. Please update my primary email address in Google Workspace / Exchange and create an alias for my previous name. This is severely impacting our daily operations and client deliverable deadlines.,Account,Low
442,Zoom meeting video freezes after 5 minutes - Request assistance,"During video calls Zoom client freezes video feed while audio continues. Graphic driver is up to date, but hardware acceleration setting crashes app. We noticed this error intermittently over the past week, but now it occurs constantly.","Zoom meeting video freezes after 5 minutes - Request assistance. During video calls Zoom client freezes video feed while audio continues. Graphic driver is up to date, but hardware acceleration setting crashes app. We noticed this error intermittently over the past week, but now it occurs constantly.",Software,Medium
443,[Issue] Guest WiFi captive portal not loading,"Visitors connecting to 'Guest-WiFi' do not get redirected to the terms & conditions login page, leaving them without web connectivity. We noticed this error intermittently over the past week, but now it occurs constantly.","[Issue] Guest WiFi captive portal not loading. Visitors connecting to 'Guest-WiFi' do not get redirected to the terms & conditions login page, leaving them without web connectivity. We noticed this error intermittently over the past week, but now it occurs constantly.",Network,Low
444,Help needed: Guest WiFi captive portal not loading,"Visitors connecting to 'Guest-WiFi' do not get redirected to the terms & conditions login page, leaving them without web connectivity. We have already attempted rebooting the system, but the problem persists.","Help needed: Guest WiFi captive portal not loading. Visitors connecting to 'Guest-WiFi' do not get redirected to the terms & conditions login page, leaving them without web connectivity. We have already attempted rebooting the system, but the problem persists.",Network,Low
445,Billing currency incorrect charged in EUR instead of USD,"Our master services agreement stipulates USD billing, but latest charge came through as 499 EUR with high foreign exchange fees. This issue started occurring after the system maintenance yesterday.","Billing currency incorrect charged in EUR instead of USD. Our master services agreement stipulates USD billing, but latest charge came through as 499 EUR with high foreign exchange fees. This issue started occurring after the system maintenance yesterday.",Payment,Medium
446,[Issue] Credit card charged twice for annual subscription,"Our company credit card was charged $1,200 twice on September 15th for the annual enterprise license. Please reverse the duplicate transaction. This issue started occurring after the system maintenance yesterday.","[Issue] Credit card charged twice for annual subscription. Our company credit card was charged $1,200 twice on September 15th for the annual enterprise license. Please reverse the duplicate transaction. This issue started occurring after the system maintenance yesterday.",Payment,High
447,Urgent: Slow network bandwidth and high packet loss,Upload and download speeds on wired ethernet are capped under 2 Mbps instead of the Gigabit link. Ping tests show 35% packet loss to local gateway. This issue started occurring after the system maintenance yesterday.,Urgent: Slow network bandwidth and high packet loss. Upload and download speeds on wired ethernet are capped under 2 Mbps instead of the Gigabit link. Ping tests show 35% packet loss to local gateway. This issue started occurring after the system maintenance yesterday.,Network,High
448,Help needed: Laptop display flickering violently,The built-in screen on my Dell Latitude keeps flickering whenever I adjust the hinge. It goes completely black for a few seconds. Need a replacement or cable check. Tested across multiple workstations and the behavior is completely reproducible.,Help needed: Laptop display flickering violently. The built-in screen on my Dell Latitude keeps flickering whenever I adjust the hinge. It goes completely black for a few seconds. Need a replacement or cable check. Tested across multiple workstations and the behavior is completely reproducible.,Hardware,High
449,Urgent: Firewall blocking outbound port 443 to cloud storage,Requests to AWS S3 buckets and GitHub are timing out from our subnet. Security policy appears to be dropping outbound TCP traffic on port 443. Please advise on immediate troubleshooting steps or dispatch a technician.,Urgent: Firewall blocking outbound port 443 to cloud storage. Requests to AWS S3 buckets and GitHub are timing out from our subnet. Security policy appears to be dropping outbound TCP traffic on port 443. Please advise on immediate troubleshooting steps or dispatch a technician.,Network,Critical
450,Help needed: Webcam hardware disconnected error,Built-in laptop webcam gives error 0xA00F4244 NoCamerasAreAttached in Windows Camera app. Driver is missing in Device Manager. This is severely impacting our daily operations and client deliverable deadlines.,Help needed: Webcam hardware disconnected error. Built-in laptop webcam gives error 0xA00F4244 NoCamerasAreAttached in Windows Camera app. Driver is missing in Device Manager. This is severely impacting our daily operations and client deliverable deadlines.,Hardware,Medium
451,Help needed: Failed charge penalty fee charged in error,"Account statement includes a $25 late payment penalty fee, but our automatic debit was authorized before the due date. Please waive fee. Urgent assistance required as this is blocking our production workflow.","Help needed: Failed charge penalty fee charged in error. Account statement includes a $25 late payment penalty fee, but our automatic debit was authorized before the due date. Please waive fee. Urgent assistance required as this is blocking our production workflow.",Payment,High
452,SSL handshake failure between microservices,"Service mesh communication failed with 'SSL: CERTIFICATE_VERIFY_FAILED: certificate has expired' between billing and user services. We noticed this error intermittently over the past week, but now it occurs constantly.","SSL handshake failure between microservices. Service mesh communication failed with 'SSL: CERTIFICATE_VERIFY_FAILED: certificate has expired' between billing and user services. We noticed this error intermittently over the past week, but now it occurs constantly.",Technical Issue,Critical
453,[Issue] Access denied permission required for marketing share,"Transferred to the Brand Marketing team but receive 'You do not have permission to view this directory' when opening the Marketing Google Drive / SharePoint. We noticed this error intermittently over the past week, but now it occurs constantly.","[Issue] Access denied permission required for marketing share. Transferred to the Brand Marketing team but receive 'You do not have permission to view this directory' when opening the Marketing Google Drive / SharePoint. We noticed this error intermittently over the past week, but now it occurs constantly.",Account,Medium
454,Urgent: Account deactivated following departmental transfer,My Active Directory account was accidentally marked as disabled during my transfer from Support to Engineering. Cannot access workstation. Urgent assistance required as this is blocking our production workflow.,Urgent: Account deactivated following departmental transfer. My Active Directory account was accidentally marked as disabled during my transfer from Support to Engineering. Cannot access workstation. Urgent assistance required as this is blocking our production workflow.,Account,Critical
455,Urgent: Guest contractor account extension required,"Contractor engagement for vendor QA has been extended by 30 days. Need their account expiration date extended in Active Directory. We noticed this error intermittently over the past week, but now it occurs constantly.","Urgent: Guest contractor account extension required. Contractor engagement for vendor QA has been extended by 30 days. Need their account expiration date extended in Active Directory. We noticed this error intermittently over the past week, but now it occurs constantly.",Account,Medium
456,Unexpected price increase on monthly statement,"Our monthly subscription billed at $450 instead of our contracted rate of $350. Please review pricing tier agreement and adjust the balance. We noticed this error intermittently over the past week, but now it occurs constantly.","Unexpected price increase on monthly statement. Our monthly subscription billed at $450 instead of our contracted rate of $350. Please review pricing tier agreement and adjust the balance. We noticed this error intermittently over the past week, but now it occurs constantly.",Payment,Medium
457,Slow network bandwidth and high packet loss,"Upload and download speeds on wired ethernet are capped under 2 Mbps instead of the Gigabit link. Ping tests show 35% packet loss to local gateway. We have already attempted rebooting the system, but the problem persists.","Slow network bandwidth and high packet loss. Upload and download speeds on wired ethernet are capped under 2 Mbps instead of the Gigabit link. Ping tests show 35% packet loss to local gateway. We have already attempted rebooting the system, but the problem persists.",Network,High
458,Firewall blocking outbound port 443 to cloud storage - Request assistance,Requests to AWS S3 buckets and GitHub are timing out from our subnet. Security policy appears to be dropping outbound TCP traffic on port 443. Tested across multiple workstations and the behavior is completely reproducible.,Firewall blocking outbound port 443 to cloud storage - Request assistance. Requests to AWS S3 buckets and GitHub are timing out from our subnet. Security policy appears to be dropping outbound TCP traffic on port 443. Tested across multiple workstations and the behavior is completely reproducible.,Network,Critical
459,Billing currency incorrect charged in EUR instead of USD,"Our master services agreement stipulates USD billing, but latest charge came through as 499 EUR with high foreign exchange fees. Please advise on immediate troubleshooting steps or dispatch a technician.","Billing currency incorrect charged in EUR instead of USD. Our master services agreement stipulates USD billing, but latest charge came through as 499 EUR with high foreign exchange fees. Please advise on immediate troubleshooting steps or dispatch a technician.",Payment,Medium
460,[Issue] REST API returning HTTP 500 Internal Server Error,"Calls to endpoint /api/v2/orders/batch are consistently failing with HTTP 500 Internal Server Error. Response payload contains uncaught NullPointerException. We noticed this error intermittently over the past week, but now it occurs constantly.","[Issue] REST API returning HTTP 500 Internal Server Error. Calls to endpoint /api/v2/orders/batch are consistently failing with HTTP 500 Internal Server Error. Response payload contains uncaught NullPointerException. We noticed this error intermittently over the past week, but now it occurs constantly.",Technical Issue,Critical
461,[Issue] Windows 11 update stuck at 78% loop,Cumulative update KB5034441 has been stuck at 78% for 4 hours. Rebooting causes the system to attempt rollback and install again in an endless loop. This is severely impacting our daily operations and client deliverable deadlines.,[Issue] Windows 11 update stuck at 78% loop. Cumulative update KB5034441 has been stuck at 78% for 4 hours. Rebooting causes the system to attempt rollback and install again in an endless loop. This is severely impacting our daily operations and client deliverable deadlines.,Software,High
462,Laptop display flickering violently - Request assistance,The built-in screen on my Dell Latitude keeps flickering whenever I adjust the hinge. It goes completely black for a few seconds. Need a replacement or cable check. Tested across multiple workstations and the behavior is completely reproducible.,Laptop display flickering violently - Request assistance. The built-in screen on my Dell Latitude keeps flickering whenever I adjust the hinge. It goes completely black for a few seconds. Need a replacement or cable check. Tested across multiple workstations and the behavior is completely reproducible.,Hardware,High
463,Urgent: Data export CSV corrupted with incomplete rows,"Exporting historical ticket reports with >10,000 rows generates truncated CSV file stopping midway at row 3,420 with trailing commas. Several other team members in our department are facing the exact same problem.","Urgent: Data export CSV corrupted with incomplete rows. Exporting historical ticket reports with >10,000 rows generates truncated CSV file stopping midway at row 3,420 with trailing commas. Several other team members in our department are facing the exact same problem.",Technical Issue,Medium
464,Slack desktop client white blank screen,Slack application opens to a solid blank white window. Ctrl+R to reload does not render UI. Browser version works fine. Logs and system diagnostic details have been captured and can be provided upon request.,Slack desktop client white blank screen. Slack application opens to a solid blank white window. Ctrl+R to reload does not render UI. Browser version works fine. Logs and system diagnostic details have been captured and can be provided upon request.,Software,Low
465,Urgent: External monitor not detected via HDMI,Connected an LG 27-inch monitor to my workstation using HDMI cable. Display settings show 'No Signal detected'. Tried another cable but issue persists.,Urgent: External monitor not detected via HDMI. Connected an LG 27-inch monitor to my workstation using HDMI cable. Display settings show 'No Signal detected'. Tried another cable but issue persists.,Hardware,Medium
466,Help needed: Outlook desktop stuck on loading profile,"Opening Microsoft Outlook hangs indefinitely at the splash screen saying 'Loading Profile'. Tried starting in Safe Mode (outlook.exe /safe) with no success. We noticed this error intermittently over the past week, but now it occurs constantly.","Help needed: Outlook desktop stuck on loading profile. Opening Microsoft Outlook hangs indefinitely at the splash screen saying 'Loading Profile'. Tried starting in Safe Mode (outlook.exe /safe) with no success. We noticed this error intermittently over the past week, but now it occurs constantly.",Software,High
467,[Issue] VPN client software fails to initialize virtual adapter,GlobalProtect / OpenVPN agent displays 'Failed to create virtual network adapter' during startup sequence. Reinstalling network drivers did not help. This issue started occurring after the system maintenance yesterday.,[Issue] VPN client software fails to initialize virtual adapter. GlobalProtect / OpenVPN agent displays 'Failed to create virtual network adapter' during startup sequence. Reinstalling network drivers did not help. This issue started occurring after the system maintenance yesterday.,Software,High
468,Help needed: Zoom meeting video freezes after 5 minutes,"During video calls Zoom client freezes video feed while audio continues. Graphic driver is up to date, but hardware acceleration setting crashes app.","Help needed: Zoom meeting video freezes after 5 minutes. During video calls Zoom client freezes video feed while audio continues. Graphic driver is up to date, but hardware acceleration setting crashes app.",Software,Medium
469,Wireless mouse cursor jumping erratically - Request assistance,The Logitech wireless mouse cursor stutters across the screen and skips pixels even with fresh AA batteries. Mousepad is clean. Urgent assistance required as this is blocking our production workflow.,Wireless mouse cursor jumping erratically - Request assistance. The Logitech wireless mouse cursor stutters across the screen and skips pixels even with fresh AA batteries. Mousepad is clean. Urgent assistance required as this is blocking our production workflow.,Hardware,High
470,Help needed: Laptop battery swelling and trackpad lifting,Noticeable bulge beneath the trackpad on my ThinkPad. The touchpad is physically displaced. Battery is dangerously swollen and won't hold charge. Urgent assistance required as this is blocking our production workflow.,Help needed: Laptop battery swelling and trackpad lifting. Noticeable bulge beneath the trackpad on my ThinkPad. The touchpad is physically displaced. Battery is dangerously swollen and won't hold charge. Urgent assistance required as this is blocking our production workflow.,Hardware,Critical
471,Help needed: File upload API failing for files larger than 10MB,Attempting to attach 15MB diagnostic logs throws '413 Request Entity Too Large' from reverse proxy Nginx configuration. Logs and system diagnostic details have been captured and can be provided upon request.,Help needed: File upload API failing for files larger than 10MB. Attempting to attach 15MB diagnostic logs throws '413 Request Entity Too Large' from reverse proxy Nginx configuration. Logs and system diagnostic details have been captured and can be provided upon request.,Technical Issue,Medium
472,Ethernet wall jack physically damaged,RJ-45 wall port at cubicle 42 has broken pins inside. Patch cable will not click securely into place and link light does not turn on. Urgent assistance required as this is blocking our production workflow.,Ethernet wall jack physically damaged. RJ-45 wall port at cubicle 42 has broken pins inside. Patch cable will not click securely into place and link light does not turn on. Urgent assistance required as this is blocking our production workflow.,Network,High
473,[Issue] High latency spike to Europe branch office,"Site-to-site IPsec VPN tunnel between US and EU offices experiencing 450ms latency, causing database replication delays. We have already attempted rebooting the system, but the problem persists.","[Issue] High latency spike to Europe branch office. Site-to-site IPsec VPN tunnel between US and EU offices experiencing 450ms latency, causing database replication delays. We have already attempted rebooting the system, but the problem persists.",Network,High
474,Help needed: Laser printer paper jam in tray 2,"The HP LaserJet printer on the 3rd floor has a continuous paper jam error. Opened tray 2 and cleared paper, but roller error indicator remains red.","Help needed: Laser printer paper jam in tray 2. The HP LaserJet printer on the 3rd floor has a continuous paper jam error. Opened tray 2 and cleared paper, but roller error indicator remains red.",Hardware,Medium
475,[Issue] Memory consumption on API container growing continuously,"Docker container memory usage rises from 200MB to 3.8GB over 48 hours without releasing, indicating a memory leak in the connection pool. Please advise on immediate troubleshooting steps or dispatch a technician.","[Issue] Memory consumption on API container growing continuously. Docker container memory usage rises from 200MB to 3.8GB over 48 hours without releasing, indicating a memory leak in the connection pool. Please advise on immediate troubleshooting steps or dispatch a technician.",Technical Issue,High
476,Help needed: Webhook delivery failing with HTTP 404 response,Webhook notifications for event 'ticket.resolved' fail with status 404 to our endpoint https://crm.company.com/webhook. Headers show missing HMAC signature. Tested across multiple workstations and the behavior is completely reproducible.,Help needed: Webhook delivery failing with HTTP 404 response. Webhook notifications for event 'ticket.resolved' fail with status 404 to our endpoint https://crm.company.com/webhook. Headers show missing HMAC signature. Tested across multiple workstations and the behavior is completely reproducible.,Technical Issue,High
477,[Issue] API rate limiting triggered incorrectly on internal services,"Internal microservice is receiving HTTP 429 Too Many Requests when communicating with the auth service on the local network. We noticed this error intermittently over the past week, but now it occurs constantly.","[Issue] API rate limiting triggered incorrectly on internal services. Internal microservice is receiving HTTP 429 Too Many Requests when communicating with the auth service on the local network. We noticed this error intermittently over the past week, but now it occurs constantly.",Technical Issue,High
478,Search query elasticsearch index synchronization lag - Request assistance,Newly created tickets do not appear in search results for up to 45 minutes. Full-text search indexer seems to be lagging behind database binlog. Logs and system diagnostic details have been captured and can be provided upon request.,Search query elasticsearch index synchronization lag - Request assistance. Newly created tickets do not appear in search results for up to 45 minutes. Full-text search indexer seems to be lagging behind database binlog. Logs and system diagnostic details have been captured and can be provided upon request.,Technical Issue,Medium
479,Help needed: Garbled UTF-8 character encoding in exported reports,Exported customer names with accents or non-ASCII characters display as 'Ã©' instead of 'é' due to missing charset header in API response. Several other team members in our department are facing the exact same problem.,Help needed: Garbled UTF-8 character encoding in exported reports. Exported customer names with accents or non-ASCII characters display as 'Ã©' instead of 'é' due to missing charset header in API response. Several other team members in our department are facing the exact same problem.,Technical Issue,Low
480,[Issue] Session timeout too aggressive kicking out every 5 minutes,"Web portal logs me out every 5 minutes with 'Session Expired', forcing constant MFA re-authentication while working.","[Issue] Session timeout too aggressive kicking out every 5 minutes. Web portal logs me out every 5 minutes with 'Session Expired', forcing constant MFA re-authentication while working.",Account,Low
481,Remove access for departing employee immediately,"Employee has resigned effective immediately today. Please disable AD account, revoke OAuth tokens, and forward emails to manager. Logs and system diagnostic details have been captured and can be provided upon request.","Remove access for departing employee immediately. Employee has resigned effective immediately today. Please disable AD account, revoke OAuth tokens, and forward emails to manager. Logs and system diagnostic details have been captured and can be provided upon request.",Account,Critical
482,Slow network bandwidth and high packet loss - Request assistance,Upload and download speeds on wired ethernet are capped under 2 Mbps instead of the Gigabit link. Ping tests show 35% packet loss to local gateway. Several other team members in our department are facing the exact same problem.,Slow network bandwidth and high packet loss - Request assistance. Upload and download speeds on wired ethernet are capped under 2 Mbps instead of the Gigabit link. Ping tests show 35% packet loss to local gateway. Several other team members in our department are facing the exact same problem.,Network,High
483,Help needed: Requesting W-9 vendor tax form for accounts payable,"Our accounting department requires a signed W-9 form and bank ACH direct deposit details before processing the outstanding purchase order. We noticed this error intermittently over the past week, but now it occurs constantly.","Help needed: Requesting W-9 vendor tax form for accounts payable. Our accounting department requires a signed W-9 form and bank ACH direct deposit details before processing the outstanding purchase order. We noticed this error intermittently over the past week, but now it occurs constantly.",Payment,Low
484,Requesting official VAT invoice for tax filing - Request assistance,Need an itemized PDF tax invoice containing our European VAT registration number (DE123456789) for our August subscription payment. This issue started occurring after the system maintenance yesterday.,Requesting official VAT invoice for tax filing - Request assistance. Need an itemized PDF tax invoice containing our European VAT registration number (DE123456789) for our August subscription payment. This issue started occurring after the system maintenance yesterday.,Payment,Low
485,Proxy server authentication pop-up loop - Request assistance,"Browser continuously prompts for proxy credentials every time a new website is navigated, rejecting valid domain credentials. Urgent assistance required as this is blocking our production workflow.","Proxy server authentication pop-up loop - Request assistance. Browser continuously prompts for proxy credentials every time a new website is navigated, rejecting valid domain credentials. Urgent assistance required as this is blocking our production workflow.",Network,High
486,Touchscreen digitizer ghost touches,"Surface tablet screen is registering touches in the upper right corner on its own, making it impossible to click anywhere else.","Touchscreen digitizer ghost touches. Surface tablet screen is registering touches in the upper right corner on its own, making it impossible to click anywhere else.",Hardware,Medium
487,[Issue] Router gateway unreachable on subnet 192.168.10.0,Workstations on VLAN 10 cannot ping default gateway 192.168.10.1. Local switch interface shows orange amber blinking LED. This is severely impacting our daily operations and client deliverable deadlines.,[Issue] Router gateway unreachable on subnet 192.168.10.0. Workstations on VLAN 10 cannot ping default gateway 192.168.10.1. Local switch interface shows orange amber blinking LED. This is severely impacting our daily operations and client deliverable deadlines.,Network,Critical
488,[Issue] Unexpected price increase on monthly statement,Our monthly subscription billed at $450 instead of our contracted rate of $350. Please review pricing tier agreement and adjust the balance. This issue started occurring after the system maintenance yesterday.,[Issue] Unexpected price increase on monthly statement. Our monthly subscription billed at $450 instead of our contracted rate of $350. Please review pricing tier agreement and adjust the balance. This issue started occurring after the system maintenance yesterday.,Payment,Medium
489,Urgent: Garbled UTF-8 character encoding in exported reports,Exported customer names with accents or non-ASCII characters display as 'Ã©' instead of 'é' due to missing charset header in API response. Urgent assistance required as this is blocking our production workflow.,Urgent: Garbled UTF-8 character encoding in exported reports. Exported customer names with accents or non-ASCII characters display as 'Ã©' instead of 'é' due to missing charset header in API response. Urgent assistance required as this is blocking our production workflow.,Technical Issue,High
490,[Issue] Database query connection timeout during peak hours,Database connection pool exhausted on master MySQL cluster. Client applications receive 'OperationalError 2006: MySQL server has gone away'. This is severely impacting our daily operations and client deliverable deadlines.,[Issue] Database query connection timeout during peak hours. Database connection pool exhausted on master MySQL cluster. Client applications receive 'OperationalError 2006: MySQL server has gone away'. This is severely impacting our daily operations and client deliverable deadlines.,Technical Issue,Critical
491,Urgent: Wireless mouse cursor jumping erratically,The Logitech wireless mouse cursor stutters across the screen and skips pixels even with fresh AA batteries. Mousepad is clean. Please advise on immediate troubleshooting steps or dispatch a technician.,Urgent: Wireless mouse cursor jumping erratically. The Logitech wireless mouse cursor stutters across the screen and skips pixels even with fresh AA batteries. Mousepad is clean. Please advise on immediate troubleshooting steps or dispatch a technician.,Hardware,Low
492,Subscription auto-renewed after cancellation notice,"Submitted cancellation request 10 days before renewal date, but our credit card was still charged $299 this morning. Requesting full cancellation and refund. Please advise on immediate troubleshooting steps or dispatch a technician.","Subscription auto-renewed after cancellation notice. Submitted cancellation request 10 days before renewal date, but our credit card was still charged $299 this morning. Requesting full cancellation and refund. Please advise on immediate troubleshooting steps or dispatch a technician.",Payment,High
493,[Issue] Cron job for SLA breach calculation not triggering,"Scheduled cron task responsible for marking overdue tickets as 'SLA BREACHED' failed to execute for the last 6 hours. We noticed this error intermittently over the past week, but now it occurs constantly.","[Issue] Cron job for SLA breach calculation not triggering. Scheduled cron task responsible for marking overdue tickets as 'SLA BREACHED' failed to execute for the last 6 hours. We noticed this error intermittently over the past week, but now it occurs constantly.",Technical Issue,High
494,Urgent: Account deactivated following departmental transfer,My Active Directory account was accidentally marked as disabled during my transfer from Support to Engineering. Cannot access workstation. This issue started occurring after the system maintenance yesterday.,Urgent: Account deactivated following departmental transfer. My Active Directory account was accidentally marked as disabled during my transfer from Support to Engineering. Cannot access workstation. This issue started occurring after the system maintenance yesterday.,Account,Critical
495,Help needed: Password reset link expired before use,"Requested a self-service password reset email, but clicking the token link gives error 'Reset token has expired'. Please send a fresh reset link. This issue started occurring after the system maintenance yesterday.","Help needed: Password reset link expired before use. Requested a self-service password reset email, but clicking the token link gives error 'Reset token has expired'. Please send a fresh reset link. This issue started occurring after the system maintenance yesterday.",Account,Medium
496,Billing currency incorrect charged in EUR instead of USD,"Our master services agreement stipulates USD billing, but latest charge came through as 499 EUR with high foreign exchange fees. This is severely impacting our daily operations and client deliverable deadlines.","Billing currency incorrect charged in EUR instead of USD. Our master services agreement stipulates USD billing, but latest charge came through as 499 EUR with high foreign exchange fees. This is severely impacting our daily operations and client deliverable deadlines.",Payment,Medium
497,Garbled UTF-8 character encoding in exported reports,Exported customer names with accents or non-ASCII characters display as 'Ã©' instead of 'é' due to missing charset header in API response. Urgent assistance required as this is blocking our production workflow.,Garbled UTF-8 character encoding in exported reports. Exported customer names with accents or non-ASCII characters display as 'Ã©' instead of 'é' due to missing charset header in API response. Urgent assistance required as this is blocking our production workflow.,Technical Issue,High
498,Zoom meeting video freezes after 5 minutes,"During video calls Zoom client freezes video feed while audio continues. Graphic driver is up to date, but hardware acceleration setting crashes app. This is severely impacting our daily operations and client deliverable deadlines.","Zoom meeting video freezes after 5 minutes. During video calls Zoom client freezes video feed while audio continues. Graphic driver is up to date, but hardware acceleration setting crashes app. This is severely impacting our daily operations and client deliverable deadlines.",Software,Medium
499,Urgent: Data export CSV corrupted with incomplete rows,"Exporting historical ticket reports with >10,000 rows generates truncated CSV file stopping midway at row 3,420 with trailing commas. This issue started occurring after the system maintenance yesterday.","Urgent: Data export CSV corrupted with incomplete rows. Exporting historical ticket reports with >10,000 rows generates truncated CSV file stopping midway at row 3,420 with trailing commas. This issue started occurring after the system maintenance yesterday.",Technical Issue,Medium
500,Urgent: Frequent dropped calls on Microsoft Teams,Teams voice and video calls consistently stutter and disconnect with warning 'Your network is causing poor call quality'.,Urgent: Frequent dropped calls on Microsoft Teams. Teams voice and video calls consistently stutter and disconnect with warning 'Your network is causing poor call quality'.,Network,Medium
501,Power supply unit burning smell,Desktop PC suddenly lost power and emitted a faint electrical burning odor. System refuses to turn on when power button is pressed. No motherboard LEDs lit. Please advise on immediate troubleshooting steps or dispatch a technician.,Power supply unit burning smell. Desktop PC suddenly lost power and emitted a faint electrical burning odor. System refuses to turn on when power button is pressed. No motherboard LEDs lit. Please advise on immediate troubleshooting steps or dispatch a technician.,Hardware,Critical
502,Router gateway unreachable on subnet 192.168.10.0,Workstations on VLAN 10 cannot ping default gateway 192.168.10.1. Local switch interface shows orange amber blinking LED. Urgent assistance required as this is blocking our production workflow.,Router gateway unreachable on subnet 192.168.10.0. Workstations on VLAN 10 cannot ping default gateway 192.168.10.1. Local switch interface shows orange amber blinking LED. Urgent assistance required as this is blocking our production workflow.,Network,Critical
503,Help needed: Memory consumption on API container growing continuously,"Docker container memory usage rises from 200MB to 3.8GB over 48 hours without releasing, indicating a memory leak in the connection pool. This issue started occurring after the system maintenance yesterday.","Help needed: Memory consumption on API container growing continuously. Docker container memory usage rises from 200MB to 3.8GB over 48 hours without releasing, indicating a memory leak in the connection pool. This issue started occurring after the system maintenance yesterday.",Technical Issue,High
504,[Issue] Account deactivated following departmental transfer,"My Active Directory account was accidentally marked as disabled during my transfer from Support to Engineering. Cannot access workstation. We noticed this error intermittently over the past week, but now it occurs constantly.","[Issue] Account deactivated following departmental transfer. My Active Directory account was accidentally marked as disabled during my transfer from Support to Engineering. Cannot access workstation. We noticed this error intermittently over the past week, but now it occurs constantly.",Account,Critical
505,Help needed: Unexpected price increase on monthly statement,Our monthly subscription billed at $450 instead of our contracted rate of $350. Please review pricing tier agreement and adjust the balance.,Help needed: Unexpected price increase on monthly statement. Our monthly subscription billed at $450 instead of our contracted rate of $350. Please review pricing tier agreement and adjust the balance.,Payment,Medium
506,[Issue] Purchase order PO number missing on invoice,"Our accounts payable system rejects invoices without PO-98432 printed on the document. Please add PO number and re-send PDF invoice. We noticed this error intermittently over the past week, but now it occurs constantly.","[Issue] Purchase order PO number missing on invoice. Our accounts payable system rejects invoices without PO-98432 printed on the document. Please add PO number and re-send PDF invoice. We noticed this error intermittently over the past week, but now it occurs constantly.",Payment,Low
507,REST API returning HTTP 500 Internal Server Error,Calls to endpoint /api/v2/orders/batch are consistently failing with HTTP 500 Internal Server Error. Response payload contains uncaught NullPointerException. Several other team members in our department are facing the exact same problem.,REST API returning HTTP 500 Internal Server Error. Calls to endpoint /api/v2/orders/batch are consistently failing with HTTP 500 Internal Server Error. Response payload contains uncaught NullPointerException. Several other team members in our department are facing the exact same problem.,Technical Issue,Critical
508,[Issue] File upload API failing for files larger than 10MB,Attempting to attach 15MB diagnostic logs throws '413 Request Entity Too Large' from reverse proxy Nginx configuration. This issue started occurring after the system maintenance yesterday.,[Issue] File upload API failing for files larger than 10MB. Attempting to attach 15MB diagnostic logs throws '413 Request Entity Too Large' from reverse proxy Nginx configuration. This issue started occurring after the system maintenance yesterday.,Technical Issue,Medium
509,Help needed: Router gateway unreachable on subnet 192.168.10.0,Workstations on VLAN 10 cannot ping default gateway 192.168.10.1. Local switch interface shows orange amber blinking LED. Several other team members in our department are facing the exact same problem.,Help needed: Router gateway unreachable on subnet 192.168.10.0. Workstations on VLAN 10 cannot ping default gateway 192.168.10.1. Local switch interface shows orange amber blinking LED. Several other team members in our department are facing the exact same problem.,Network,Critical
510,Urgent: Antivirus blocking legitimate internal tool,Windows Defender / CrowdStrike flagged our internal deployment script as Trojan:Win32/Wacatac and quarantined the binary file. Several other team members in our department are facing the exact same problem.,Urgent: Antivirus blocking legitimate internal tool. Windows Defender / CrowdStrike flagged our internal deployment script as Trojan:Win32/Wacatac and quarantined the binary file. Several other team members in our department are facing the exact same problem.,Software,High
511,SSL handshake failure between microservices - Request assistance,Service mesh communication failed with 'SSL: CERTIFICATE_VERIFY_FAILED: certificate has expired' between billing and user services. Several other team members in our department are facing the exact same problem.,SSL handshake failure between microservices - Request assistance. Service mesh communication failed with 'SSL: CERTIFICATE_VERIFY_FAILED: certificate has expired' between billing and user services. Several other team members in our department are facing the exact same problem.,Technical Issue,Critical
512,Wireless mouse cursor jumping erratically - Request assistance,The Logitech wireless mouse cursor stutters across the screen and skips pixels even with fresh AA batteries. Mousepad is clean. Tested across multiple workstations and the behavior is completely reproducible.,Wireless mouse cursor jumping erratically - Request assistance. The Logitech wireless mouse cursor stutters across the screen and skips pixels even with fresh AA batteries. Mousepad is clean. Tested across multiple workstations and the behavior is completely reproducible.,Hardware,Low
513,Help needed: Corporate VPN disconnecting every 10 minutes,"Connected to the office VPN through Cisco AnyConnect, but the tunnel drops intermittently every 10 to 15 minutes with error: 'Connection terminated locally'. Several other team members in our department are facing the exact same problem.","Help needed: Corporate VPN disconnecting every 10 minutes. Connected to the office VPN through Cisco AnyConnect, but the tunnel drops intermittently every 10 to 15 minutes with error: 'Connection terminated locally'. Several other team members in our department are facing the exact same problem.",Network,High
514,Data export CSV corrupted with incomplete rows,"Exporting historical ticket reports with >10,000 rows generates truncated CSV file stopping midway at row 3,420 with trailing commas. This issue started occurring after the system maintenance yesterday.","Data export CSV corrupted with incomplete rows. Exporting historical ticket reports with >10,000 rows generates truncated CSV file stopping midway at row 3,420 with trailing commas. This issue started occurring after the system maintenance yesterday.",Technical Issue,Medium
515,Help needed: Hard drive clicking noise and I/O error,Secondary internal 1TB Seagate drive is producing rhythmic clicking noises. Windows Explorer freezes and throws 'The request failed due to a fatal device hardware error'. This issue started occurring after the system maintenance yesterday.,Help needed: Hard drive clicking noise and I/O error. Secondary internal 1TB Seagate drive is producing rhythmic clicking noises. Windows Explorer freezes and throws 'The request failed due to a fatal device hardware error'. This issue started occurring after the system maintenance yesterday.,Hardware,High
516,Subscription auto-renewed after cancellation notice - Request assistance,"Submitted cancellation request 10 days before renewal date, but our credit card was still charged $299 this morning. Requesting full cancellation and refund. We have already attempted rebooting the system, but the problem persists.","Subscription auto-renewed after cancellation notice - Request assistance. Submitted cancellation request 10 days before renewal date, but our credit card was still charged $299 this morning. Requesting full cancellation and refund. We have already attempted rebooting the system, but the problem persists.",Payment,High
517,Requesting official VAT invoice for tax filing - Request assistance,Need an itemized PDF tax invoice containing our European VAT registration number (DE123456789) for our August subscription payment. This is severely impacting our daily operations and client deliverable deadlines.,Requesting official VAT invoice for tax filing - Request assistance. Need an itemized PDF tax invoice containing our European VAT registration number (DE123456789) for our August subscription payment. This is severely impacting our daily operations and client deliverable deadlines.,Payment,Low
518,Urgent: Unexpected price increase on monthly statement,Our monthly subscription billed at $450 instead of our contracted rate of $350. Please review pricing tier agreement and adjust the balance. Urgent assistance required as this is blocking our production workflow.,Urgent: Unexpected price increase on monthly statement. Our monthly subscription billed at $450 instead of our contracted rate of $350. Please review pricing tier agreement and adjust the balance. Urgent assistance required as this is blocking our production workflow.,Payment,High
519,IP address conflict error on workstation,Windows notification warning: 'Another computer on this network has the same IP address as this computer'. Network adapter disabled itself. Please advise on immediate troubleshooting steps or dispatch a technician.,IP address conflict error on workstation. Windows notification warning: 'Another computer on this network has the same IP address as this computer'. Network adapter disabled itself. Please advise on immediate troubleshooting steps or dispatch a technician.,Network,Medium
520,[Issue] DNS resolution failure for internal domains,Cannot resolve internal domain portal.internal.company.com. Nslookup returns SERVFAIL from primary DNS server 10.0.0.2. Tested across multiple workstations and the behavior is completely reproducible.,[Issue] DNS resolution failure for internal domains. Cannot resolve internal domain portal.internal.company.com. Nslookup returns SERVFAIL from primary DNS server 10.0.0.2. Tested across multiple workstations and the behavior is completely reproducible.,Network,High
521,[Issue] Requesting W-9 vendor tax form for accounts payable,Our accounting department requires a signed W-9 form and bank ACH direct deposit details before processing the outstanding purchase order. This is severely impacting our daily operations and client deliverable deadlines.,[Issue] Requesting W-9 vendor tax form for accounts payable. Our accounting department requires a signed W-9 form and bank ACH direct deposit details before processing the outstanding purchase order. This is severely impacting our daily operations and client deliverable deadlines.,Payment,Low
522,[Issue] Antivirus blocking legitimate internal tool,Windows Defender / CrowdStrike flagged our internal deployment script as Trojan:Win32/Wacatac and quarantined the binary file. Please advise on immediate troubleshooting steps or dispatch a technician.,[Issue] Antivirus blocking legitimate internal tool. Windows Defender / CrowdStrike flagged our internal deployment script as Trojan:Win32/Wacatac and quarantined the binary file. Please advise on immediate troubleshooting steps or dispatch a technician.,Software,High
523,[Issue] Automated nightly backup script exited with error code 1,Scheduled mysqldump backup job failed at 02:00 AM due to disk space shortage on mount /var/backups. Backup archive is incomplete. This issue started occurring after the system maintenance yesterday.,[Issue] Automated nightly backup script exited with error code 1. Scheduled mysqldump backup job failed at 02:00 AM due to disk space shortage on mount /var/backups. Backup archive is incomplete. This issue started occurring after the system maintenance yesterday.,Technical Issue,Critical
524,[Issue] Automated nightly backup script exited with error code 1,"Scheduled mysqldump backup job failed at 02:00 AM due to disk space shortage on mount /var/backups. Backup archive is incomplete. We noticed this error intermittently over the past week, but now it occurs constantly.","[Issue] Automated nightly backup script exited with error code 1. Scheduled mysqldump backup job failed at 02:00 AM due to disk space shortage on mount /var/backups. Backup archive is incomplete. We noticed this error intermittently over the past week, but now it occurs constantly.",Technical Issue,Critical
525,Excel crashes when opening large pivot table - Request assistance,"Microsoft Excel 365 freezes and abruptly crashes whenever I open our quarterly sales workbook containing 80,000 rows. Event Viewer logs faulting module ntdll.dll. Please advise on immediate troubleshooting steps or dispatch a technician.","Excel crashes when opening large pivot table - Request assistance. Microsoft Excel 365 freezes and abruptly crashes whenever I open our quarterly sales workbook containing 80,000 rows. Event Viewer logs faulting module ntdll.dll. Please advise on immediate troubleshooting steps or dispatch a technician.",Software,High
526,Help needed: Missing VCRUNTIME140.dll error on launch,Unable to run corporate ERP application. System error pop-up states: 'The code execution cannot proceed because VCRUNTIME140.dll was not found'. Please advise on immediate troubleshooting steps or dispatch a technician.,Help needed: Missing VCRUNTIME140.dll error on launch. Unable to run corporate ERP application. System error pop-up states: 'The code execution cannot proceed because VCRUNTIME140.dll was not found'. Please advise on immediate troubleshooting steps or dispatch a technician.,Software,Medium
527,Password reset link expired before use,"Requested a self-service password reset email, but clicking the token link gives error 'Reset token has expired'. Please send a fresh reset link. Urgent assistance required as this is blocking our production workflow.","Password reset link expired before use. Requested a self-service password reset email, but clicking the token link gives error 'Reset token has expired'. Please send a fresh reset link. Urgent assistance required as this is blocking our production workflow.",Account,High
528,Help needed: Billing currency incorrect charged in EUR instead of USD,"Our master services agreement stipulates USD billing, but latest charge came through as 499 EUR with high foreign exchange fees. This issue started occurring after the system maintenance yesterday.","Help needed: Billing currency incorrect charged in EUR instead of USD. Our master services agreement stipulates USD billing, but latest charge came through as 499 EUR with high foreign exchange fees. This issue started occurring after the system maintenance yesterday.",Payment,Medium
529,Help needed: DNS resolution failure for internal domains,Cannot resolve internal domain portal.internal.company.com. Nslookup returns SERVFAIL from primary DNS server 10.0.0.2. Tested across multiple workstations and the behavior is completely reproducible.,Help needed: DNS resolution failure for internal domains. Cannot resolve internal domain portal.internal.company.com. Nslookup returns SERVFAIL from primary DNS server 10.0.0.2. Tested across multiple workstations and the behavior is completely reproducible.,Network,High
530,Font rendering corrupted in presentation software - Request assistance,"PowerPoint slides are displaying garbled glyphs and overlapping letters instead of standard Arial fonts after the latest OS patch. We noticed this error intermittently over the past week, but now it occurs constantly.","Font rendering corrupted in presentation software - Request assistance. PowerPoint slides are displaying garbled glyphs and overlapping letters instead of standard Arial fonts after the latest OS patch. We noticed this error intermittently over the past week, but now it occurs constantly.",Software,Low
531,Help needed: Laser printer paper jam in tray 2,"The HP LaserJet printer on the 3rd floor has a continuous paper jam error. Opened tray 2 and cleared paper, but roller error indicator remains red. Tested across multiple workstations and the behavior is completely reproducible.","Help needed: Laser printer paper jam in tray 2. The HP LaserJet printer on the 3rd floor has a continuous paper jam error. Opened tray 2 and cleared paper, but roller error indicator remains red. Tested across multiple workstations and the behavior is completely reproducible.",Hardware,Medium
532,[Issue] Bank wire transfer payment not reflected in account balance,"Wire transfer of $5,000 sent on Thursday with reference WT-4481. Account still shows overdue status and service suspension warning. We noticed this error intermittently over the past week, but now it occurs constantly.","[Issue] Bank wire transfer payment not reflected in account balance. Wire transfer of $5,000 sent on Thursday with reference WT-4481. Account still shows overdue status and service suspension warning. We noticed this error intermittently over the past week, but now it occurs constantly.",Payment,Critical
533,Urgent: Workstation overheating and shutting down,"My desktop PC fans are spinning at maximum RPM and making loud grinding noises. System shut down abruptly twice during rendering with CPU temp at 95C. We have already attempted rebooting the system, but the problem persists.","Urgent: Workstation overheating and shutting down. My desktop PC fans are spinning at maximum RPM and making loud grinding noises. System shut down abruptly twice during rendering with CPU temp at 95C. We have already attempted rebooting the system, but the problem persists.",Hardware,Critical
534,Help needed: Unexpected price increase on monthly statement,Our monthly subscription billed at $450 instead of our contracted rate of $350. Please review pricing tier agreement and adjust the balance. Please advise on immediate troubleshooting steps or dispatch a technician.,Help needed: Unexpected price increase on monthly statement. Our monthly subscription billed at $450 instead of our contracted rate of $350. Please review pricing tier agreement and adjust the balance. Please advise on immediate troubleshooting steps or dispatch a technician.,Payment,Medium
535,[Issue] Unauthorized login attempt detected from foreign IP,Received security alert email indicating a successful login attempt from an unknown device in Romania. Need immediate password reset and session purge. Urgent assistance required as this is blocking our production workflow.,[Issue] Unauthorized login attempt detected from foreign IP. Received security alert email indicating a successful login attempt from an unknown device in Romania. Need immediate password reset and session purge. Urgent assistance required as this is blocking our production workflow.,Account,Critical
536,Failed charge penalty fee charged in error - Request assistance,"Account statement includes a $25 late payment penalty fee, but our automatic debit was authorized before the due date. Please waive fee. Tested across multiple workstations and the behavior is completely reproducible.","Failed charge penalty fee charged in error - Request assistance. Account statement includes a $25 late payment penalty fee, but our automatic debit was authorized before the due date. Please waive fee. Tested across multiple workstations and the behavior is completely reproducible.",Payment,Low
537,Help needed: VPN client software fails to initialize virtual adapter,GlobalProtect / OpenVPN agent displays 'Failed to create virtual network adapter' during startup sequence. Reinstalling network drivers did not help. Logs and system diagnostic details have been captured and can be provided upon request.,Help needed: VPN client software fails to initialize virtual adapter. GlobalProtect / OpenVPN agent displays 'Failed to create virtual network adapter' during startup sequence. Reinstalling network drivers did not help. Logs and system diagnostic details have been captured and can be provided upon request.,Software,High
538,REST API returning HTTP 500 Internal Server Error - Request assistance,Calls to endpoint /api/v2/orders/batch are consistently failing with HTTP 500 Internal Server Error. Response payload contains uncaught NullPointerException. Please advise on immediate troubleshooting steps or dispatch a technician.,REST API returning HTTP 500 Internal Server Error - Request assistance. Calls to endpoint /api/v2/orders/batch are consistently failing with HTTP 500 Internal Server Error. Response payload contains uncaught NullPointerException. Please advise on immediate troubleshooting steps or dispatch a technician.,Technical Issue,Critical
539,Requesting official VAT invoice for tax filing,"Need an itemized PDF tax invoice containing our European VAT registration number (DE123456789) for our August subscription payment. We noticed this error intermittently over the past week, but now it occurs constantly.","Requesting official VAT invoice for tax filing. Need an itemized PDF tax invoice containing our European VAT registration number (DE123456789) for our August subscription payment. We noticed this error intermittently over the past week, but now it occurs constantly.",Payment,Low
540,Frequent dropped calls on Microsoft Teams - Request assistance,"Teams voice and video calls consistently stutter and disconnect with warning 'Your network is causing poor call quality'. We noticed this error intermittently over the past week, but now it occurs constantly.","Frequent dropped calls on Microsoft Teams - Request assistance. Teams voice and video calls consistently stutter and disconnect with warning 'Your network is causing poor call quality'. We noticed this error intermittently over the past week, but now it occurs constantly.",Network,Medium
541,Help needed: Update official primary email address and alias,"My last name has legally changed. Please update my primary email address in Google Workspace / Exchange and create an alias for my previous name. We have already attempted rebooting the system, but the problem persists.","Help needed: Update official primary email address and alias. My last name has legally changed. Please update my primary email address in Google Workspace / Exchange and create an alias for my previous name. We have already attempted rebooting the system, but the problem persists.",Account,Low
542,[Issue] Access denied permission required for marketing share,Transferred to the Brand Marketing team but receive 'You do not have permission to view this directory' when opening the Marketing Google Drive / SharePoint. Please advise on immediate troubleshooting steps or dispatch a technician.,[Issue] Access denied permission required for marketing share. Transferred to the Brand Marketing team but receive 'You do not have permission to view this directory' when opening the Marketing Google Drive / SharePoint. Please advise on immediate troubleshooting steps or dispatch a technician.,Account,Medium
543,Unexpected price increase on monthly statement - Request assistance,Our monthly subscription billed at $450 instead of our contracted rate of $350. Please review pricing tier agreement and adjust the balance. Please advise on immediate troubleshooting steps or dispatch a technician.,Unexpected price increase on monthly statement - Request assistance. Our monthly subscription billed at $450 instead of our contracted rate of $350. Please review pricing tier agreement and adjust the balance. Please advise on immediate troubleshooting steps or dispatch a technician.,Payment,Medium
544,[Issue] Intermittent WebSocket connection drops in dashboard,"Real-time updates in admin portal disconnect with code 1006 every few minutes, requiring manual page refresh to see new tickets. Logs and system diagnostic details have been captured and can be provided upon request.","[Issue] Intermittent WebSocket connection drops in dashboard. Real-time updates in admin portal disconnect with code 1006 every few minutes, requiring manual page refresh to see new tickets. Logs and system diagnostic details have been captured and can be provided upon request.",Technical Issue,Medium
545,Outlook desktop stuck on loading profile - Request assistance,Opening Microsoft Outlook hangs indefinitely at the splash screen saying 'Loading Profile'. Tried starting in Safe Mode (outlook.exe /safe) with no success. This issue started occurring after the system maintenance yesterday.,Outlook desktop stuck on loading profile - Request assistance. Opening Microsoft Outlook hangs indefinitely at the splash screen saying 'Loading Profile'. Tried starting in Safe Mode (outlook.exe /safe) with no success. This issue started occurring after the system maintenance yesterday.,Software,High
546,[Issue] Firewall blocking outbound port 443 to cloud storage,Requests to AWS S3 buckets and GitHub are timing out from our subnet. Security policy appears to be dropping outbound TCP traffic on port 443. This is severely impacting our daily operations and client deliverable deadlines.,[Issue] Firewall blocking outbound port 443 to cloud storage. Requests to AWS S3 buckets and GitHub are timing out from our subnet. Security policy appears to be dropping outbound TCP traffic on port 443. This is severely impacting our daily operations and client deliverable deadlines.,Network,Critical
547,Urgent: User account locked out after failed password attempts,Entered incorrect password on Monday morning and now my domain account is locked out. Need admin to unlock in Active Directory so I can login. Please advise on immediate troubleshooting steps or dispatch a technician.,Urgent: User account locked out after failed password attempts. Entered incorrect password on Monday morning and now my domain account is locked out. Need admin to unlock in Active Directory so I can login. Please advise on immediate troubleshooting steps or dispatch a technician.,Account,High
548,Help needed: Prorated refund request after seat reduction,We downgraded our team plan from 50 seats to 25 seats at the beginning of the billing cycle. Requesting prorated credit or refund for unused seats. Several other team members in our department are facing the exact same problem.,Help needed: Prorated refund request after seat reduction. We downgraded our team plan from 50 seats to 25 seats at the beginning of the billing cycle. Requesting prorated credit or refund for unused seats. Several other team members in our department are facing the exact same problem.,Payment,Medium
549,Help needed: Update official primary email address and alias,My last name has legally changed. Please update my primary email address in Google Workspace / Exchange and create an alias for my previous name. Please advise on immediate troubleshooting steps or dispatch a technician.,Help needed: Update official primary email address and alias. My last name has legally changed. Please update my primary email address in Google Workspace / Exchange and create an alias for my previous name. Please advise on immediate troubleshooting steps or dispatch a technician.,Account,Low
550,[Issue] Database query connection timeout during peak hours,Database connection pool exhausted on master MySQL cluster. Client applications receive 'OperationalError 2006: MySQL server has gone away'. Please advise on immediate troubleshooting steps or dispatch a technician.,[Issue] Database query connection timeout during peak hours. Database connection pool exhausted on master MySQL cluster. Client applications receive 'OperationalError 2006: MySQL server has gone away'. Please advise on immediate troubleshooting steps or dispatch a technician.,Technical Issue,Critical
551,Firewall blocking outbound port 443 to cloud storage - Request assistance,Requests to AWS S3 buckets and GitHub are timing out from our subnet. Security policy appears to be dropping outbound TCP traffic on port 443.,Firewall blocking outbound port 443 to cloud storage - Request assistance. Requests to AWS S3 buckets and GitHub are timing out from our subnet. Security policy appears to be dropping outbound TCP traffic on port 443.,Network,Critical
552,Guest contractor account extension required,Contractor engagement for vendor QA has been extended by 30 days. Need their account expiration date extended in Active Directory. Several other team members in our department are facing the exact same problem.,Guest contractor account extension required. Contractor engagement for vendor QA has been extended by 30 days. Need their account expiration date extended in Active Directory. Several other team members in our department are facing the exact same problem.,Account,Medium
553,Help needed: Text editor formatting tool breaks indentation,"VS Code auto-formatter replaces tabs with corrupted null characters in YAML configuration files, preventing deployment pipelines from running. This issue started occurring after the system maintenance yesterday.","Help needed: Text editor formatting tool breaks indentation. VS Code auto-formatter replaces tabs with corrupted null characters in YAML configuration files, preventing deployment pipelines from running. This issue started occurring after the system maintenance yesterday.",Software,Low
554,[Issue] USB-C docking station ethernet port dead,"My Dell docking station powers the laptop and displays to dual monitors, but the RJ45 ethernet port has no link lights and network is disconnected.","[Issue] USB-C docking station ethernet port dead. My Dell docking station powers the laptop and displays to dual monitors, but the RJ45 ethernet port has no link lights and network is disconnected.",Hardware,Medium
555,Urgent: Session timeout too aggressive kicking out every 5 minutes,"Web portal logs me out every 5 minutes with 'Session Expired', forcing constant MFA re-authentication while working. Tested across multiple workstations and the behavior is completely reproducible.","Urgent: Session timeout too aggressive kicking out every 5 minutes. Web portal logs me out every 5 minutes with 'Session Expired', forcing constant MFA re-authentication while working. Tested across multiple workstations and the behavior is completely reproducible.",Account,Low
556,Urgent: Background worker queue stalled and backlog growing,"Celery / Redis background task queue is not processing asynchronous email notification jobs. 15,000 tasks stuck in pending state. We have already attempted rebooting the system, but the problem persists.","Urgent: Background worker queue stalled and backlog growing. Celery / Redis background task queue is not processing asynchronous email notification jobs. 15,000 tasks stuck in pending state. We have already attempted rebooting the system, but the problem persists.",Technical Issue,High
557,[Issue] SSL handshake failure between microservices,Service mesh communication failed with 'SSL: CERTIFICATE_VERIFY_FAILED: certificate has expired' between billing and user services. This issue started occurring after the system maintenance yesterday.,[Issue] SSL handshake failure between microservices. Service mesh communication failed with 'SSL: CERTIFICATE_VERIFY_FAILED: certificate has expired' between billing and user services. This issue started occurring after the system maintenance yesterday.,Technical Issue,Critical
558,New employee onboarding credentials not received,New software engineer starts today but has not received their initial login credentials or temporary password for company email. This is severely impacting our daily operations and client deliverable deadlines.,New employee onboarding credentials not received. New software engineer starts today but has not received their initial login credentials or temporary password for company email. This is severely impacting our daily operations and client deliverable deadlines.,Account,High
559,[Issue] Remove access for departing employee immediately,"Employee has resigned effective immediately today. Please disable AD account, revoke OAuth tokens, and forward emails to manager.","[Issue] Remove access for departing employee immediately. Employee has resigned effective immediately today. Please disable AD account, revoke OAuth tokens, and forward emails to manager.",Account,Critical
560,[Issue] Corporate VPN disconnecting every 10 minutes,"Connected to the office VPN through Cisco AnyConnect, but the tunnel drops intermittently every 10 to 15 minutes with error: 'Connection terminated locally'. Urgent assistance required as this is blocking our production workflow.","[Issue] Corporate VPN disconnecting every 10 minutes. Connected to the office VPN through Cisco AnyConnect, but the tunnel drops intermittently every 10 to 15 minutes with error: 'Connection terminated locally'. Urgent assistance required as this is blocking our production workflow.",Network,High
561,[Issue] Excel crashes when opening large pivot table,"Microsoft Excel 365 freezes and abruptly crashes whenever I open our quarterly sales workbook containing 80,000 rows. Event Viewer logs faulting module ntdll.dll.","[Issue] Excel crashes when opening large pivot table. Microsoft Excel 365 freezes and abruptly crashes whenever I open our quarterly sales workbook containing 80,000 rows. Event Viewer logs faulting module ntdll.dll.",Software,High
562,Help needed: Shared mailbox permission missing in Outlook,"Need 'Send As' and 'Read and Manage' permissions granted for shared mailbox info@company.com. We have already attempted rebooting the system, but the problem persists.","Help needed: Shared mailbox permission missing in Outlook. Need 'Send As' and 'Read and Manage' permissions granted for shared mailbox info@company.com. We have already attempted rebooting the system, but the problem persists.",Account,Low
563,Urgent: Headset microphone not picking up audio,"Jabra USB headset audio output works fine, but teammates cannot hear me in Zoom or Teams meetings. Tested mic on Windows Sound settings with 0% input level. This issue started occurring after the system maintenance yesterday.","Urgent: Headset microphone not picking up audio. Jabra USB headset audio output works fine, but teammates cannot hear me in Zoom or Teams meetings. Tested mic on Windows Sound settings with 0% input level. This issue started occurring after the system maintenance yesterday.",Hardware,Low
564,Help needed: Webcam hardware disconnected error,Built-in laptop webcam gives error 0xA00F4244 NoCamerasAreAttached in Windows Camera app. Driver is missing in Device Manager. Logs and system diagnostic details have been captured and can be provided upon request.,Help needed: Webcam hardware disconnected error. Built-in laptop webcam gives error 0xA00F4244 NoCamerasAreAttached in Windows Camera app. Driver is missing in Device Manager. Logs and system diagnostic details have been captured and can be provided upon request.,Hardware,Medium
565,Subscription auto-renewed after cancellation notice - Request assistance,"Submitted cancellation request 10 days before renewal date, but our credit card was still charged $299 this morning. Requesting full cancellation and refund. We have already attempted rebooting the system, but the problem persists.","Subscription auto-renewed after cancellation notice - Request assistance. Submitted cancellation request 10 days before renewal date, but our credit card was still charged $299 this morning. Requesting full cancellation and refund. We have already attempted rebooting the system, but the problem persists.",Payment,High
566,Guest WiFi captive portal not loading,"Visitors connecting to 'Guest-WiFi' do not get redirected to the terms & conditions login page, leaving them without web connectivity. This is severely impacting our daily operations and client deliverable deadlines.","Guest WiFi captive portal not loading. Visitors connecting to 'Guest-WiFi' do not get redirected to the terms & conditions login page, leaving them without web connectivity. This is severely impacting our daily operations and client deliverable deadlines.",Network,Low
567,Subscription renewal failed due to expired corporate card,Received notification that our monthly SaaS subscription failed to renew because card ending in 4012 is expired. Need to update payment method. This is severely impacting our daily operations and client deliverable deadlines.,Subscription renewal failed due to expired corporate card. Received notification that our monthly SaaS subscription failed to renew because card ending in 4012 is expired. Need to update payment method. This is severely impacting our daily operations and client deliverable deadlines.,Payment,High
568,Subscription renewal failed due to expired corporate card,Received notification that our monthly SaaS subscription failed to renew because card ending in 4012 is expired. Need to update payment method. Urgent assistance required as this is blocking our production workflow.,Subscription renewal failed due to expired corporate card. Received notification that our monthly SaaS subscription failed to renew because card ending in 4012 is expired. Need to update payment method. Urgent assistance required as this is blocking our production workflow.,Payment,High
569,IP address conflict error on workstation - Request assistance,Windows notification warning: 'Another computer on this network has the same IP address as this computer'. Network adapter disabled itself. This issue started occurring after the system maintenance yesterday.,IP address conflict error on workstation - Request assistance. Windows notification warning: 'Another computer on this network has the same IP address as this computer'. Network adapter disabled itself. This issue started occurring after the system maintenance yesterday.,Network,Medium
570,Data export CSV corrupted with incomplete rows,"Exporting historical ticket reports with >10,000 rows generates truncated CSV file stopping midway at row 3,420 with trailing commas. This is severely impacting our daily operations and client deliverable deadlines.","Data export CSV corrupted with incomplete rows. Exporting historical ticket reports with >10,000 rows generates truncated CSV file stopping midway at row 3,420 with trailing commas. This is severely impacting our daily operations and client deliverable deadlines.",Technical Issue,Medium
571,[Issue] RAM memory failure causing BSOD,Computer crashed three times today with MEMORY_MANAGEMENT blue screen. Windows Memory Diagnostic tool reported hardware memory problems detected. Logs and system diagnostic details have been captured and can be provided upon request.,[Issue] RAM memory failure causing BSOD. Computer crashed three times today with MEMORY_MANAGEMENT blue screen. Windows Memory Diagnostic tool reported hardware memory problems detected. Logs and system diagnostic details have been captured and can be provided upon request.,Hardware,High
572,Role-based access escalation for database analyst - Request assistance,Need read-only SELECT permissions granted on the production analytics replica database for quarterly compliance audit.,Role-based access escalation for database analyst - Request assistance. Need read-only SELECT permissions granted on the production analytics replica database for quarterly compliance audit.,Account,Medium
573,[Issue] Zoom meeting video freezes after 5 minutes,"During video calls Zoom client freezes video feed while audio continues. Graphic driver is up to date, but hardware acceleration setting crashes app.","[Issue] Zoom meeting video freezes after 5 minutes. During video calls Zoom client freezes video feed while audio continues. Graphic driver is up to date, but hardware acceleration setting crashes app.",Software,Medium
574,DNS resolution failure for internal domains - Request assistance,Cannot resolve internal domain portal.internal.company.com. Nslookup returns SERVFAIL from primary DNS server 10.0.0.2. Tested across multiple workstations and the behavior is completely reproducible.,DNS resolution failure for internal domains - Request assistance. Cannot resolve internal domain portal.internal.company.com. Nslookup returns SERVFAIL from primary DNS server 10.0.0.2. Tested across multiple workstations and the behavior is completely reproducible.,Network,High
575,Cannot update security challenge questions - Request assistance,"Account settings page throws error 500 when saving new security verification questions for password self-recovery. We have already attempted rebooting the system, but the problem persists.","Cannot update security challenge questions - Request assistance. Account settings page throws error 500 when saving new security verification questions for password self-recovery. We have already attempted rebooting the system, but the problem persists.",Account,Low
576,[Issue] Prorated refund request after seat reduction,We downgraded our team plan from 50 seats to 25 seats at the beginning of the billing cycle. Requesting prorated credit or refund for unused seats. This issue started occurring after the system maintenance yesterday.,[Issue] Prorated refund request after seat reduction. We downgraded our team plan from 50 seats to 25 seats at the beginning of the billing cycle. Requesting prorated credit or refund for unused seats. This issue started occurring after the system maintenance yesterday.,Payment,Medium
577,User account locked out after failed password attempts,Entered incorrect password on Monday morning and now my domain account is locked out. Need admin to unlock in Active Directory so I can login. Please advise on immediate troubleshooting steps or dispatch a technician.,User account locked out after failed password attempts. Entered incorrect password on Monday morning and now my domain account is locked out. Need admin to unlock in Active Directory so I can login. Please advise on immediate troubleshooting steps or dispatch a technician.,Account,High
578,Help needed: Mechanical keyboard keys repeating and sticking,The spacebar and Enter key on my office keyboard are sticking physically and registering double keystrokes. Cleaning with compressed air did not fix it. This is severely impacting our daily operations and client deliverable deadlines.,Help needed: Mechanical keyboard keys repeating and sticking. The spacebar and Enter key on my office keyboard are sticking physically and registering double keystrokes. Cleaning with compressed air did not fix it. This is severely impacting our daily operations and client deliverable deadlines.,Hardware,Low
579,Help needed: Laptop battery swelling and trackpad lifting,Noticeable bulge beneath the trackpad on my ThinkPad. The touchpad is physically displaced. Battery is dangerously swollen and won't hold charge. This is severely impacting our daily operations and client deliverable deadlines.,Help needed: Laptop battery swelling and trackpad lifting. Noticeable bulge beneath the trackpad on my ThinkPad. The touchpad is physically displaced. Battery is dangerously swollen and won't hold charge. This is severely impacting our daily operations and client deliverable deadlines.,Hardware,Critical
580,[Issue] Database query connection timeout during peak hours,Database connection pool exhausted on master MySQL cluster. Client applications receive 'OperationalError 2006: MySQL server has gone away'. Several other team members in our department are facing the exact same problem.,[Issue] Database query connection timeout during peak hours. Database connection pool exhausted on master MySQL cluster. Client applications receive 'OperationalError 2006: MySQL server has gone away'. Several other team members in our department are facing the exact same problem.,Technical Issue,Critical
581,Urgent: Proxy server authentication pop-up loop,"Browser continuously prompts for proxy credentials every time a new website is navigated, rejecting valid domain credentials. We have already attempted rebooting the system, but the problem persists.","Urgent: Proxy server authentication pop-up loop. Browser continuously prompts for proxy credentials every time a new website is navigated, rejecting valid domain credentials. We have already attempted rebooting the system, but the problem persists.",Network,Medium
582,Help needed: Failed charge penalty fee charged in error,"Account statement includes a $25 late payment penalty fee, but our automatic debit was authorized before the due date. Please waive fee.","Help needed: Failed charge penalty fee charged in error. Account statement includes a $25 late payment penalty fee, but our automatic debit was authorized before the due date. Please waive fee.",Payment,Low
583,[Issue] File upload API failing for files larger than 10MB,Attempting to attach 15MB diagnostic logs throws '413 Request Entity Too Large' from reverse proxy Nginx configuration. Please advise on immediate troubleshooting steps or dispatch a technician.,[Issue] File upload API failing for files larger than 10MB. Attempting to attach 15MB diagnostic logs throws '413 Request Entity Too Large' from reverse proxy Nginx configuration. Please advise on immediate troubleshooting steps or dispatch a technician.,Technical Issue,Medium
584,Memory consumption on API container growing continuously - Request assistance,"Docker container memory usage rises from 200MB to 3.8GB over 48 hours without releasing, indicating a memory leak in the connection pool. Logs and system diagnostic details have been captured and can be provided upon request.","Memory consumption on API container growing continuously - Request assistance. Docker container memory usage rises from 200MB to 3.8GB over 48 hours without releasing, indicating a memory leak in the connection pool. Logs and system diagnostic details have been captured and can be provided upon request.",Technical Issue,High
585,Credit card charged twice for annual subscription - Request assistance,"Our company credit card was charged $1,200 twice on September 15th for the annual enterprise license. Please reverse the duplicate transaction. Tested across multiple workstations and the behavior is completely reproducible.","Credit card charged twice for annual subscription - Request assistance. Our company credit card was charged $1,200 twice on September 15th for the annual enterprise license. Please reverse the duplicate transaction. Tested across multiple workstations and the behavior is completely reproducible.",Payment,High
586,Bank wire transfer payment not reflected in account balance - Request assistance,"Wire transfer of $5,000 sent on Thursday with reference WT-4481. Account still shows overdue status and service suspension warning. This issue started occurring after the system maintenance yesterday.","Bank wire transfer payment not reflected in account balance - Request assistance. Wire transfer of $5,000 sent on Thursday with reference WT-4481. Account still shows overdue status and service suspension warning. This issue started occurring after the system maintenance yesterday.",Payment,Critical
587,Urgent: Antivirus blocking legitimate internal tool,"Windows Defender / CrowdStrike flagged our internal deployment script as Trojan:Win32/Wacatac and quarantined the binary file. We have already attempted rebooting the system, but the problem persists.","Urgent: Antivirus blocking legitimate internal tool. Windows Defender / CrowdStrike flagged our internal deployment script as Trojan:Win32/Wacatac and quarantined the binary file. We have already attempted rebooting the system, but the problem persists.",Software,High
588,Search query elasticsearch index synchronization lag - Request assistance,Newly created tickets do not appear in search results for up to 45 minutes. Full-text search indexer seems to be lagging behind database binlog. Logs and system diagnostic details have been captured and can be provided upon request.,Search query elasticsearch index synchronization lag - Request assistance. Newly created tickets do not appear in search results for up to 45 minutes. Full-text search indexer seems to be lagging behind database binlog. Logs and system diagnostic details have been captured and can be provided upon request.,Technical Issue,Medium
589,Router gateway unreachable on subnet 192.168.10.0 - Request assistance,Workstations on VLAN 10 cannot ping default gateway 192.168.10.1. Local switch interface shows orange amber blinking LED. Please advise on immediate troubleshooting steps or dispatch a technician.,Router gateway unreachable on subnet 192.168.10.0 - Request assistance. Workstations on VLAN 10 cannot ping default gateway 192.168.10.1. Local switch interface shows orange amber blinking LED. Please advise on immediate troubleshooting steps or dispatch a technician.,Network,Critical
590,[Issue] Excel crashes when opening large pivot table,"Microsoft Excel 365 freezes and abruptly crashes whenever I open our quarterly sales workbook containing 80,000 rows. Event Viewer logs faulting module ntdll.dll. This issue started occurring after the system maintenance yesterday.","[Issue] Excel crashes when opening large pivot table. Microsoft Excel 365 freezes and abruptly crashes whenever I open our quarterly sales workbook containing 80,000 rows. Event Viewer logs faulting module ntdll.dll. This issue started occurring after the system maintenance yesterday.",Software,High
591,Proxy server authentication pop-up loop - Request assistance,"Browser continuously prompts for proxy credentials every time a new website is navigated, rejecting valid domain credentials. This issue started occurring after the system maintenance yesterday.","Proxy server authentication pop-up loop - Request assistance. Browser continuously prompts for proxy credentials every time a new website is navigated, rejecting valid domain credentials. This issue started occurring after the system maintenance yesterday.",Network,Medium
592,Cannot update security challenge questions - Request assistance,"Account settings page throws error 500 when saving new security verification questions for password self-recovery. We have already attempted rebooting the system, but the problem persists.","Cannot update security challenge questions - Request assistance. Account settings page throws error 500 when saving new security verification questions for password self-recovery. We have already attempted rebooting the system, but the problem persists.",Account,Low
593,Account deactivated following departmental transfer,"My Active Directory account was accidentally marked as disabled during my transfer from Support to Engineering. Cannot access workstation. We noticed this error intermittently over the past week, but now it occurs constantly.","Account deactivated following departmental transfer. My Active Directory account was accidentally marked as disabled during my transfer from Support to Engineering. Cannot access workstation. We noticed this error intermittently over the past week, but now it occurs constantly.",Account,Critical
594,[Issue] Corporate VPN disconnecting every 10 minutes,"Connected to the office VPN through Cisco AnyConnect, but the tunnel drops intermittently every 10 to 15 minutes with error: 'Connection terminated locally'. Logs and system diagnostic details have been captured and can be provided upon request.","[Issue] Corporate VPN disconnecting every 10 minutes. Connected to the office VPN through Cisco AnyConnect, but the tunnel drops intermittently every 10 to 15 minutes with error: 'Connection terminated locally'. Logs and system diagnostic details have been captured and can be provided upon request.",Network,High
595,Urgent: Laser printer paper jam in tray 2,"The HP LaserJet printer on the 3rd floor has a continuous paper jam error. Opened tray 2 and cleared paper, but roller error indicator remains red. We noticed this error intermittently over the past week, but now it occurs constantly.","Urgent: Laser printer paper jam in tray 2. The HP LaserJet printer on the 3rd floor has a continuous paper jam error. Opened tray 2 and cleared paper, but roller error indicator remains red. We noticed this error intermittently over the past week, but now it occurs constantly.",Hardware,Medium
596,Mechanical keyboard keys repeating and sticking,"The spacebar and Enter key on my office keyboard are sticking physically and registering double keystrokes. Cleaning with compressed air did not fix it. We noticed this error intermittently over the past week, but now it occurs constantly.","Mechanical keyboard keys repeating and sticking. The spacebar and Enter key on my office keyboard are sticking physically and registering double keystrokes. Cleaning with compressed air did not fix it. We noticed this error intermittently over the past week, but now it occurs constantly.",Hardware,Low
597,Help needed: Software license activation key invalid,"Reinstalled AutoCAD on my new machine, but the company serial number produces error 'Registration-Activation Error (0015.111)'. Need license reactivation. Several other team members in our department are facing the exact same problem.","Help needed: Software license activation key invalid. Reinstalled AutoCAD on my new machine, but the company serial number produces error 'Registration-Activation Error (0015.111)'. Need license reactivation. Several other team members in our department are facing the exact same problem.",Software,Medium
598,Router gateway unreachable on subnet 192.168.10.0 - Request assistance,Workstations on VLAN 10 cannot ping default gateway 192.168.10.1. Local switch interface shows orange amber blinking LED. This is severely impacting our daily operations and client deliverable deadlines.,Router gateway unreachable on subnet 192.168.10.0 - Request assistance. Workstations on VLAN 10 cannot ping default gateway 192.168.10.1. Local switch interface shows orange amber blinking LED. This is severely impacting our daily operations and client deliverable deadlines.,Network,Critical
599,Background worker queue stalled and backlog growing,"Celery / Redis background task queue is not processing asynchronous email notification jobs. 15,000 tasks stuck in pending state. Please advise on immediate troubleshooting steps or dispatch a technician.","Background worker queue stalled and backlog growing. Celery / Redis background task queue is not processing asynchronous email notification jobs. 15,000 tasks stuck in pending state. Please advise on immediate troubleshooting steps or dispatch a technician.",Technical Issue,High
600,[Issue] Firewall blocking outbound port 443 to cloud storage,Requests to AWS S3 buckets and GitHub are timing out from our subnet. Security policy appears to be dropping outbound TCP traffic on port 443. Tested across multiple workstations and the behavior is completely reproducible.,[Issue] Firewall blocking outbound port 443 to cloud storage. Requests to AWS S3 buckets and GitHub are timing out from our subnet. Security policy appears to be dropping outbound TCP traffic on port 443. Tested across multiple workstations and the behavior is completely reproducible.,Network,Critical
601,Help needed: Adobe Acrobat Reader crashing on PDF sign,"Whenever I attempt to place a digital certificate signature on contract documents, Adobe Acrobat DC closes immediately without an error message. Several other team members in our department are facing the exact same problem.","Help needed: Adobe Acrobat Reader crashing on PDF sign. Whenever I attempt to place a digital certificate signature on contract documents, Adobe Acrobat DC closes immediately without an error message. Several other team members in our department are facing the exact same problem.",Software,High
602,SSL handshake failure between microservices - Request assistance,Service mesh communication failed with 'SSL: CERTIFICATE_VERIFY_FAILED: certificate has expired' between billing and user services. Several other team members in our department are facing the exact same problem.,SSL handshake failure between microservices - Request assistance. Service mesh communication failed with 'SSL: CERTIFICATE_VERIFY_FAILED: certificate has expired' between billing and user services. Several other team members in our department are facing the exact same problem.,Technical Issue,Critical
603,Urgent: Router gateway unreachable on subnet 192.168.10.0,Workstations on VLAN 10 cannot ping default gateway 192.168.10.1. Local switch interface shows orange amber blinking LED. This issue started occurring after the system maintenance yesterday.,Urgent: Router gateway unreachable on subnet 192.168.10.0. Workstations on VLAN 10 cannot ping default gateway 192.168.10.1. Local switch interface shows orange amber blinking LED. This issue started occurring after the system maintenance yesterday.,Network,Critical
604,Database query connection timeout during peak hours,Database connection pool exhausted on master MySQL cluster. Client applications receive 'OperationalError 2006: MySQL server has gone away'. This is severely impacting our daily operations and client deliverable deadlines.,Database query connection timeout during peak hours. Database connection pool exhausted on master MySQL cluster. Client applications receive 'OperationalError 2006: MySQL server has gone away'. This is severely impacting our daily operations and client deliverable deadlines.,Technical Issue,Critical
605,Laptop display flickering violently,The built-in screen on my Dell Latitude keeps flickering whenever I adjust the hinge. It goes completely black for a few seconds. Need a replacement or cable check. Logs and system diagnostic details have been captured and can be provided upon request.,Laptop display flickering violently. The built-in screen on my Dell Latitude keeps flickering whenever I adjust the hinge. It goes completely black for a few seconds. Need a replacement or cable check. Logs and system diagnostic details have been captured and can be provided upon request.,Hardware,High
606,Help needed: Requesting W-9 vendor tax form for accounts payable,Our accounting department requires a signed W-9 form and bank ACH direct deposit details before processing the outstanding purchase order. This issue started occurring after the system maintenance yesterday.,Help needed: Requesting W-9 vendor tax form for accounts payable. Our accounting department requires a signed W-9 form and bank ACH direct deposit details before processing the outstanding purchase order. This issue started occurring after the system maintenance yesterday.,Payment,Low
607,Billing currency incorrect charged in EUR instead of USD,"Our master services agreement stipulates USD billing, but latest charge came through as 499 EUR with high foreign exchange fees. We noticed this error intermittently over the past week, but now it occurs constantly.","Billing currency incorrect charged in EUR instead of USD. Our master services agreement stipulates USD billing, but latest charge came through as 499 EUR with high foreign exchange fees. We noticed this error intermittently over the past week, but now it occurs constantly.",Payment,Medium
608,Help needed: Shared mailbox permission missing in Outlook,Need 'Send As' and 'Read and Manage' permissions granted for shared mailbox info@company.com. Logs and system diagnostic details have been captured and can be provided upon request.,Help needed: Shared mailbox permission missing in Outlook. Need 'Send As' and 'Read and Manage' permissions granted for shared mailbox info@company.com. Logs and system diagnostic details have been captured and can be provided upon request.,Account,Low
609,Urgent: Windows 11 update stuck at 78% loop,Cumulative update KB5034441 has been stuck at 78% for 4 hours. Rebooting causes the system to attempt rollback and install again in an endless loop. Please advise on immediate troubleshooting steps or dispatch a technician.,Urgent: Windows 11 update stuck at 78% loop. Cumulative update KB5034441 has been stuck at 78% for 4 hours. Rebooting causes the system to attempt rollback and install again in an endless loop. Please advise on immediate troubleshooting steps or dispatch a technician.,Software,High
610,Remove access for departing employee immediately - Request assistance,"Employee has resigned effective immediately today. Please disable AD account, revoke OAuth tokens, and forward emails to manager. We noticed this error intermittently over the past week, but now it occurs constantly.","Remove access for departing employee immediately - Request assistance. Employee has resigned effective immediately today. Please disable AD account, revoke OAuth tokens, and forward emails to manager. We noticed this error intermittently over the past week, but now it occurs constantly.",Account,Critical
611,[Issue] Slow network bandwidth and high packet loss,Upload and download speeds on wired ethernet are capped under 2 Mbps instead of the Gigabit link. Ping tests show 35% packet loss to local gateway. Logs and system diagnostic details have been captured and can be provided upon request.,[Issue] Slow network bandwidth and high packet loss. Upload and download speeds on wired ethernet are capped under 2 Mbps instead of the Gigabit link. Ping tests show 35% packet loss to local gateway. Logs and system diagnostic details have been captured and can be provided upon request.,Network,High
612,[Issue] Slow network bandwidth and high packet loss,Upload and download speeds on wired ethernet are capped under 2 Mbps instead of the Gigabit link. Ping tests show 35% packet loss to local gateway. Several other team members in our department are facing the exact same problem.,[Issue] Slow network bandwidth and high packet loss. Upload and download speeds on wired ethernet are capped under 2 Mbps instead of the Gigabit link. Ping tests show 35% packet loss to local gateway. Several other team members in our department are facing the exact same problem.,Network,High
613,SSL certificate error visiting company intranet,Web browsers display NET::ERR_CERT_COMMON_NAME_INVALID when accessing internal wiki. Certificate appears expired as of yesterday. This is severely impacting our daily operations and client deliverable deadlines.,SSL certificate error visiting company intranet. Web browsers display NET::ERR_CERT_COMMON_NAME_INVALID when accessing internal wiki. Certificate appears expired as of yesterday. This is severely impacting our daily operations and client deliverable deadlines.,Network,High
614,Windows 11 update stuck at 78% loop,"Cumulative update KB5034441 has been stuck at 78% for 4 hours. Rebooting causes the system to attempt rollback and install again in an endless loop. We have already attempted rebooting the system, but the problem persists.","Windows 11 update stuck at 78% loop. Cumulative update KB5034441 has been stuck at 78% for 4 hours. Rebooting causes the system to attempt rollback and install again in an endless loop. We have already attempted rebooting the system, but the problem persists.",Software,High
615,Corporate VPN disconnecting every 10 minutes,"Connected to the office VPN through Cisco AnyConnect, but the tunnel drops intermittently every 10 to 15 minutes with error: 'Connection terminated locally'. Urgent assistance required as this is blocking our production workflow.","Corporate VPN disconnecting every 10 minutes. Connected to the office VPN through Cisco AnyConnect, but the tunnel drops intermittently every 10 to 15 minutes with error: 'Connection terminated locally'. Urgent assistance required as this is blocking our production workflow.",Network,High
616,[Issue] Zoom meeting video freezes after 5 minutes,"During video calls Zoom client freezes video feed while audio continues. Graphic driver is up to date, but hardware acceleration setting crashes app. We have already attempted rebooting the system, but the problem persists.","[Issue] Zoom meeting video freezes after 5 minutes. During video calls Zoom client freezes video feed while audio continues. Graphic driver is up to date, but hardware acceleration setting crashes app. We have already attempted rebooting the system, but the problem persists.",Software,Medium
617,Urgent: User account locked out after failed password attempts,Entered incorrect password on Monday morning and now my domain account is locked out. Need admin to unlock in Active Directory so I can login. This is severely impacting our daily operations and client deliverable deadlines.,Urgent: User account locked out after failed password attempts. Entered incorrect password on Monday morning and now my domain account is locked out. Need admin to unlock in Active Directory so I can login. This is severely impacting our daily operations and client deliverable deadlines.,Account,High
618,Purchase order PO number missing on invoice - Request assistance,Our accounts payable system rejects invoices without PO-98432 printed on the document. Please add PO number and re-send PDF invoice. Tested across multiple workstations and the behavior is completely reproducible.,Purchase order PO number missing on invoice - Request assistance. Our accounts payable system rejects invoices without PO-98432 printed on the document. Please add PO number and re-send PDF invoice. Tested across multiple workstations and the behavior is completely reproducible.,Payment,Low
619,Help needed: Session timeout too aggressive kicking out every 5 minutes,"Web portal logs me out every 5 minutes with 'Session Expired', forcing constant MFA re-authentication while working. Tested across multiple workstations and the behavior is completely reproducible.","Help needed: Session timeout too aggressive kicking out every 5 minutes. Web portal logs me out every 5 minutes with 'Session Expired', forcing constant MFA re-authentication while working. Tested across multiple workstations and the behavior is completely reproducible.",Account,Low
620,Help needed: Cannot update security challenge questions,Account settings page throws error 500 when saving new security verification questions for password self-recovery. This issue started occurring after the system maintenance yesterday.,Help needed: Cannot update security challenge questions. Account settings page throws error 500 when saving new security verification questions for password self-recovery. This issue started occurring after the system maintenance yesterday.,Account,Low
621,Help needed: Slack desktop client white blank screen,Slack application opens to a solid blank white window. Ctrl+R to reload does not render UI. Browser version works fine. Logs and system diagnostic details have been captured and can be provided upon request.,Help needed: Slack desktop client white blank screen. Slack application opens to a solid blank white window. Ctrl+R to reload does not render UI. Browser version works fine. Logs and system diagnostic details have been captured and can be provided upon request.,Software,Low
622,Urgent: Conference room TV display color distortion,Main wall display in Conference Room B shows severe purple and green tint over HDMI input. Resetting display settings did not resolve. This is severely impacting our daily operations and client deliverable deadlines.,Urgent: Conference room TV display color distortion. Main wall display in Conference Room B shows severe purple and green tint over HDMI input. Resetting display settings did not resolve. This is severely impacting our daily operations and client deliverable deadlines.,Hardware,Low
623,External monitor not detected via HDMI,Connected an LG 27-inch monitor to my workstation using HDMI cable. Display settings show 'No Signal detected'. Tried another cable but issue persists. Please advise on immediate troubleshooting steps or dispatch a technician.,External monitor not detected via HDMI. Connected an LG 27-inch monitor to my workstation using HDMI cable. Display settings show 'No Signal detected'. Tried another cable but issue persists. Please advise on immediate troubleshooting steps or dispatch a technician.,Hardware,Medium
624,Cannot update security challenge questions - Request assistance,Account settings page throws error 500 when saving new security verification questions for password self-recovery. Please advise on immediate troubleshooting steps or dispatch a technician.,Cannot update security challenge questions - Request assistance. Account settings page throws error 500 when saving new security verification questions for password self-recovery. Please advise on immediate troubleshooting steps or dispatch a technician.,Account,Low
625,SSL certificate error visiting company intranet - Request assistance,Web browsers display NET::ERR_CERT_COMMON_NAME_INVALID when accessing internal wiki. Certificate appears expired as of yesterday. This issue started occurring after the system maintenance yesterday.,SSL certificate error visiting company intranet - Request assistance. Web browsers display NET::ERR_CERT_COMMON_NAME_INVALID when accessing internal wiki. Certificate appears expired as of yesterday. This issue started occurring after the system maintenance yesterday.,Network,High
626,[Issue] Password reset link expired before use,"Requested a self-service password reset email, but clicking the token link gives error 'Reset token has expired'. Please send a fresh reset link. Urgent assistance required as this is blocking our production workflow.","[Issue] Password reset link expired before use. Requested a self-service password reset email, but clicking the token link gives error 'Reset token has expired'. Please send a fresh reset link. Urgent assistance required as this is blocking our production workflow.",Account,High
627,Help needed: Frequent dropped calls on Microsoft Teams,"Teams voice and video calls consistently stutter and disconnect with warning 'Your network is causing poor call quality'. We noticed this error intermittently over the past week, but now it occurs constantly.","Help needed: Frequent dropped calls on Microsoft Teams. Teams voice and video calls consistently stutter and disconnect with warning 'Your network is causing poor call quality'. We noticed this error intermittently over the past week, but now it occurs constantly.",Network,Medium
628,Subscription renewal failed due to expired corporate card - Request assistance,Received notification that our monthly SaaS subscription failed to renew because card ending in 4012 is expired. Need to update payment method. This is severely impacting our daily operations and client deliverable deadlines.,Subscription renewal failed due to expired corporate card - Request assistance. Received notification that our monthly SaaS subscription failed to renew because card ending in 4012 is expired. Need to update payment method. This is severely impacting our daily operations and client deliverable deadlines.,Payment,High
629,Urgent: Guest WiFi captive portal not loading,"Visitors connecting to 'Guest-WiFi' do not get redirected to the terms & conditions login page, leaving them without web connectivity. Tested across multiple workstations and the behavior is completely reproducible.","Urgent: Guest WiFi captive portal not loading. Visitors connecting to 'Guest-WiFi' do not get redirected to the terms & conditions login page, leaving them without web connectivity. Tested across multiple workstations and the behavior is completely reproducible.",Network,Low
630,DNS resolution failure for internal domains,Cannot resolve internal domain portal.internal.company.com. Nslookup returns SERVFAIL from primary DNS server 10.0.0.2. This is severely impacting our daily operations and client deliverable deadlines.,DNS resolution failure for internal domains. Cannot resolve internal domain portal.internal.company.com. Nslookup returns SERVFAIL from primary DNS server 10.0.0.2. This is severely impacting our daily operations and client deliverable deadlines.,Network,High
631,Requesting W-9 vendor tax form for accounts payable,Our accounting department requires a signed W-9 form and bank ACH direct deposit details before processing the outstanding purchase order. Please advise on immediate troubleshooting steps or dispatch a technician.,Requesting W-9 vendor tax form for accounts payable. Our accounting department requires a signed W-9 form and bank ACH direct deposit details before processing the outstanding purchase order. Please advise on immediate troubleshooting steps or dispatch a technician.,Payment,Low
632,Failed charge penalty fee charged in error - Request assistance,"Account statement includes a $25 late payment penalty fee, but our automatic debit was authorized before the due date. Please waive fee. Several other team members in our department are facing the exact same problem.","Failed charge penalty fee charged in error - Request assistance. Account statement includes a $25 late payment penalty fee, but our automatic debit was authorized before the due date. Please waive fee. Several other team members in our department are facing the exact same problem.",Payment,Low
633,RAM memory failure causing BSOD,Computer crashed three times today with MEMORY_MANAGEMENT blue screen. Windows Memory Diagnostic tool reported hardware memory problems detected. Please advise on immediate troubleshooting steps or dispatch a technician.,RAM memory failure causing BSOD. Computer crashed three times today with MEMORY_MANAGEMENT blue screen. Windows Memory Diagnostic tool reported hardware memory problems detected. Please advise on immediate troubleshooting steps or dispatch a technician.,Hardware,High
634,Urgent: Database deadlock detected in transaction execution,Deadlock found when trying to get lock on table Ticket_Comments during concurrent status update. Transaction was aborted by database engine. Logs and system diagnostic details have been captured and can be provided upon request.,Urgent: Database deadlock detected in transaction execution. Deadlock found when trying to get lock on table Ticket_Comments during concurrent status update. Transaction was aborted by database engine. Logs and system diagnostic details have been captured and can be provided upon request.,Technical Issue,High
635,Urgent: Remove access for departing employee immediately,"Employee has resigned effective immediately today. Please disable AD account, revoke OAuth tokens, and forward emails to manager. This is severely impacting our daily operations and client deliverable deadlines.","Urgent: Remove access for departing employee immediately. Employee has resigned effective immediately today. Please disable AD account, revoke OAuth tokens, and forward emails to manager. This is severely impacting our daily operations and client deliverable deadlines.",Account,Critical
636,Urgent: Payment receipt not emailed after successful transaction,Credit card was successfully charged yesterday but confirmation receipt and license key were not delivered to billing@company.com. Tested across multiple workstations and the behavior is completely reproducible.,Urgent: Payment receipt not emailed after successful transaction. Credit card was successfully charged yesterday but confirmation receipt and license key were not delivered to billing@company.com. Tested across multiple workstations and the behavior is completely reproducible.,Payment,Low
637,Help needed: Slack desktop client white blank screen,Slack application opens to a solid blank white window. Ctrl+R to reload does not render UI. Browser version works fine. Logs and system diagnostic details have been captured and can be provided upon request.,Help needed: Slack desktop client white blank screen. Slack application opens to a solid blank white window. Ctrl+R to reload does not render UI. Browser version works fine. Logs and system diagnostic details have been captured and can be provided upon request.,Software,Low
638,Urgent: DNS resolution failure for internal domains,Cannot resolve internal domain portal.internal.company.com. Nslookup returns SERVFAIL from primary DNS server 10.0.0.2. Urgent assistance required as this is blocking our production workflow.,Urgent: DNS resolution failure for internal domains. Cannot resolve internal domain portal.internal.company.com. Nslookup returns SERVFAIL from primary DNS server 10.0.0.2. Urgent assistance required as this is blocking our production workflow.,Network,High
639,Purchase order PO number missing on invoice,Our accounts payable system rejects invoices without PO-98432 printed on the document. Please add PO number and re-send PDF invoice. Several other team members in our department are facing the exact same problem.,Purchase order PO number missing on invoice. Our accounts payable system rejects invoices without PO-98432 printed on the document. Please add PO number and re-send PDF invoice. Several other team members in our department are facing the exact same problem.,Payment,Low
640,Help needed: Laptop battery swelling and trackpad lifting,Noticeable bulge beneath the trackpad on my ThinkPad. The touchpad is physically displaced. Battery is dangerously swollen and won't hold charge. Tested across multiple workstations and the behavior is completely reproducible.,Help needed: Laptop battery swelling and trackpad lifting. Noticeable bulge beneath the trackpad on my ThinkPad. The touchpad is physically displaced. Battery is dangerously swollen and won't hold charge. Tested across multiple workstations and the behavior is completely reproducible.,Hardware,Critical
641,Help needed: Power supply unit burning smell,Desktop PC suddenly lost power and emitted a faint electrical burning odor. System refuses to turn on when power button is pressed. No motherboard LEDs lit. Urgent assistance required as this is blocking our production workflow.,Help needed: Power supply unit burning smell. Desktop PC suddenly lost power and emitted a faint electrical burning odor. System refuses to turn on when power button is pressed. No motherboard LEDs lit. Urgent assistance required as this is blocking our production workflow.,Hardware,Critical
642,[Issue] USB-C docking station ethernet port dead,"My Dell docking station powers the laptop and displays to dual monitors, but the RJ45 ethernet port has no link lights and network is disconnected. We noticed this error intermittently over the past week, but now it occurs constantly.","[Issue] USB-C docking station ethernet port dead. My Dell docking station powers the laptop and displays to dual monitors, but the RJ45 ethernet port has no link lights and network is disconnected. We noticed this error intermittently over the past week, but now it occurs constantly.",Hardware,Medium
643,Hard drive clicking noise and I/O error,Secondary internal 1TB Seagate drive is producing rhythmic clicking noises. Windows Explorer freezes and throws 'The request failed due to a fatal device hardware error'. Urgent assistance required as this is blocking our production workflow.,Hard drive clicking noise and I/O error. Secondary internal 1TB Seagate drive is producing rhythmic clicking noises. Windows Explorer freezes and throws 'The request failed due to a fatal device hardware error'. Urgent assistance required as this is blocking our production workflow.,Hardware,High
644,[Issue] Billing currency incorrect charged in EUR instead of USD,"Our master services agreement stipulates USD billing, but latest charge came through as 499 EUR with high foreign exchange fees.","[Issue] Billing currency incorrect charged in EUR instead of USD. Our master services agreement stipulates USD billing, but latest charge came through as 499 EUR with high foreign exchange fees.",Payment,Medium
645,[Issue] High latency spike to Europe branch office,"Site-to-site IPsec VPN tunnel between US and EU offices experiencing 450ms latency, causing database replication delays. Several other team members in our department are facing the exact same problem.","[Issue] High latency spike to Europe branch office. Site-to-site IPsec VPN tunnel between US and EU offices experiencing 450ms latency, causing database replication delays. Several other team members in our department are facing the exact same problem.",Network,High
646,[Issue] Database deadlock detected in transaction execution,Deadlock found when trying to get lock on table Ticket_Comments during concurrent status update. Transaction was aborted by database engine. Tested across multiple workstations and the behavior is completely reproducible.,[Issue] Database deadlock detected in transaction execution. Deadlock found when trying to get lock on table Ticket_Comments during concurrent status update. Transaction was aborted by database engine. Tested across multiple workstations and the behavior is completely reproducible.,Technical Issue,High
647,[Issue] Data export CSV corrupted with incomplete rows,"Exporting historical ticket reports with >10,000 rows generates truncated CSV file stopping midway at row 3,420 with trailing commas.","[Issue] Data export CSV corrupted with incomplete rows. Exporting historical ticket reports with >10,000 rows generates truncated CSV file stopping midway at row 3,420 with trailing commas.",Technical Issue,Medium
648,Help needed: Software license activation key invalid,"Reinstalled AutoCAD on my new machine, but the company serial number produces error 'Registration-Activation Error (0015.111)'. Need license reactivation. This is severely impacting our daily operations and client deliverable deadlines.","Help needed: Software license activation key invalid. Reinstalled AutoCAD on my new machine, but the company serial number produces error 'Registration-Activation Error (0015.111)'. Need license reactivation. This is severely impacting our daily operations and client deliverable deadlines.",Software,Medium
649,Urgent: Slack desktop client white blank screen,Slack application opens to a solid blank white window. Ctrl+R to reload does not render UI. Browser version works fine. This is severely impacting our daily operations and client deliverable deadlines.,Urgent: Slack desktop client white blank screen. Slack application opens to a solid blank white window. Ctrl+R to reload does not render UI. Browser version works fine. This is severely impacting our daily operations and client deliverable deadlines.,Software,Low
650,Help needed: Payment receipt not emailed after successful transaction,Credit card was successfully charged yesterday but confirmation receipt and license key were not delivered to billing@company.com. This is severely impacting our daily operations and client deliverable deadlines.,Help needed: Payment receipt not emailed after successful transaction. Credit card was successfully charged yesterday but confirmation receipt and license key were not delivered to billing@company.com. This is severely impacting our daily operations and client deliverable deadlines.,Payment,Low
651,Database query connection timeout during peak hours - Request assistance,"Database connection pool exhausted on master MySQL cluster. Client applications receive 'OperationalError 2006: MySQL server has gone away'. We noticed this error intermittently over the past week, but now it occurs constantly.","Database query connection timeout during peak hours - Request assistance. Database connection pool exhausted on master MySQL cluster. Client applications receive 'OperationalError 2006: MySQL server has gone away'. We noticed this error intermittently over the past week, but now it occurs constantly.",Technical Issue,Critical
652,Slack desktop client white blank screen,"Slack application opens to a solid blank white window. Ctrl+R to reload does not render UI. Browser version works fine. We noticed this error intermittently over the past week, but now it occurs constantly.","Slack desktop client white blank screen. Slack application opens to a solid blank white window. Ctrl+R to reload does not render UI. Browser version works fine. We noticed this error intermittently over the past week, but now it occurs constantly.",Software,Low
653,Urgent: Background worker queue stalled and backlog growing,"Celery / Redis background task queue is not processing asynchronous email notification jobs. 15,000 tasks stuck in pending state.","Urgent: Background worker queue stalled and backlog growing. Celery / Redis background task queue is not processing asynchronous email notification jobs. 15,000 tasks stuck in pending state.",Technical Issue,High
654,Laptop display flickering violently,The built-in screen on my Dell Latitude keeps flickering whenever I adjust the hinge. It goes completely black for a few seconds. Need a replacement or cable check. Logs and system diagnostic details have been captured and can be provided upon request.,Laptop display flickering violently. The built-in screen on my Dell Latitude keeps flickering whenever I adjust the hinge. It goes completely black for a few seconds. Need a replacement or cable check. Logs and system diagnostic details have been captured and can be provided upon request.,Hardware,High
655,Invoice shows incorrect billing address and company name,The billing address on invoice INV-2026-0889 lists our old office address in London instead of our new headquarters in Manchester. Please reissue. Please advise on immediate troubleshooting steps or dispatch a technician.,Invoice shows incorrect billing address and company name. The billing address on invoice INV-2026-0889 lists our old office address in London instead of our new headquarters in Manchester. Please reissue. Please advise on immediate troubleshooting steps or dispatch a technician.,Payment,Low
656,Search query elasticsearch index synchronization lag - Request assistance,Newly created tickets do not appear in search results for up to 45 minutes. Full-text search indexer seems to be lagging behind database binlog. This issue started occurring after the system maintenance yesterday.,Search query elasticsearch index synchronization lag - Request assistance. Newly created tickets do not appear in search results for up to 45 minutes. Full-text search indexer seems to be lagging behind database binlog. This issue started occurring after the system maintenance yesterday.,Technical Issue,Medium
657,Help needed: Proxy server authentication pop-up loop,"Browser continuously prompts for proxy credentials every time a new website is navigated, rejecting valid domain credentials. Logs and system diagnostic details have been captured and can be provided upon request.","Help needed: Proxy server authentication pop-up loop. Browser continuously prompts for proxy credentials every time a new website is navigated, rejecting valid domain credentials. Logs and system diagnostic details have been captured and can be provided upon request.",Network,Medium
658,[Issue] Cron job for SLA breach calculation not triggering,Scheduled cron task responsible for marking overdue tickets as 'SLA BREACHED' failed to execute for the last 6 hours. This issue started occurring after the system maintenance yesterday.,[Issue] Cron job for SLA breach calculation not triggering. Scheduled cron task responsible for marking overdue tickets as 'SLA BREACHED' failed to execute for the last 6 hours. This issue started occurring after the system maintenance yesterday.,Technical Issue,High
659,[Issue] Garbled UTF-8 character encoding in exported reports,Exported customer names with accents or non-ASCII characters display as 'Ã©' instead of 'é' due to missing charset header in API response. Urgent assistance required as this is blocking our production workflow.,[Issue] Garbled UTF-8 character encoding in exported reports. Exported customer names with accents or non-ASCII characters display as 'Ã©' instead of 'é' due to missing charset header in API response. Urgent assistance required as this is blocking our production workflow.,Technical Issue,High
660,[Issue] Router gateway unreachable on subnet 192.168.10.0,"Workstations on VLAN 10 cannot ping default gateway 192.168.10.1. Local switch interface shows orange amber blinking LED. We have already attempted rebooting the system, but the problem persists.","[Issue] Router gateway unreachable on subnet 192.168.10.0. Workstations on VLAN 10 cannot ping default gateway 192.168.10.1. Local switch interface shows orange amber blinking LED. We have already attempted rebooting the system, but the problem persists.",Network,Critical
661,Help needed: Webhook delivery failing with HTTP 404 response,Webhook notifications for event 'ticket.resolved' fail with status 404 to our endpoint https://crm.company.com/webhook. Headers show missing HMAC signature. Urgent assistance required as this is blocking our production workflow.,Help needed: Webhook delivery failing with HTTP 404 response. Webhook notifications for event 'ticket.resolved' fail with status 404 to our endpoint https://crm.company.com/webhook. Headers show missing HMAC signature. Urgent assistance required as this is blocking our production workflow.,Technical Issue,High
662,Help needed: REST API returning HTTP 500 Internal Server Error,"Calls to endpoint /api/v2/orders/batch are consistently failing with HTTP 500 Internal Server Error. Response payload contains uncaught NullPointerException. We have already attempted rebooting the system, but the problem persists.","Help needed: REST API returning HTTP 500 Internal Server Error. Calls to endpoint /api/v2/orders/batch are consistently failing with HTTP 500 Internal Server Error. Response payload contains uncaught NullPointerException. We have already attempted rebooting the system, but the problem persists.",Technical Issue,Critical
663,[Issue] Software license activation key invalid,"Reinstalled AutoCAD on my new machine, but the company serial number produces error 'Registration-Activation Error (0015.111)'. Need license reactivation. Tested across multiple workstations and the behavior is completely reproducible.","[Issue] Software license activation key invalid. Reinstalled AutoCAD on my new machine, but the company serial number produces error 'Registration-Activation Error (0015.111)'. Need license reactivation. Tested across multiple workstations and the behavior is completely reproducible.",Software,Medium
664,[Issue] VoIP desk phone unregistered from PBX,"Cisco IP phone on desk 14 shows 'Registration Failed'. No dial tone and cannot receive incoming transfers from receptionist. We noticed this error intermittently over the past week, but now it occurs constantly.","[Issue] VoIP desk phone unregistered from PBX. Cisco IP phone on desk 14 shows 'Registration Failed'. No dial tone and cannot receive incoming transfers from receptionist. We noticed this error intermittently over the past week, but now it occurs constantly.",Network,Medium
665,Urgent: Laser printer paper jam in tray 2,"The HP LaserJet printer on the 3rd floor has a continuous paper jam error. Opened tray 2 and cleared paper, but roller error indicator remains red. Urgent assistance required as this is blocking our production workflow.","Urgent: Laser printer paper jam in tray 2. The HP LaserJet printer on the 3rd floor has a continuous paper jam error. Opened tray 2 and cleared paper, but roller error indicator remains red. Urgent assistance required as this is blocking our production workflow.",Hardware,High
666,[Issue] Slow network bandwidth and high packet loss,Upload and download speeds on wired ethernet are capped under 2 Mbps instead of the Gigabit link. Ping tests show 35% packet loss to local gateway. Urgent assistance required as this is blocking our production workflow.,[Issue] Slow network bandwidth and high packet loss. Upload and download speeds on wired ethernet are capped under 2 Mbps instead of the Gigabit link. Ping tests show 35% packet loss to local gateway. Urgent assistance required as this is blocking our production workflow.,Network,High
667,[Issue] Stripe checkout payment gateway throwing error 402,"When attempting to pay invoice online, checkout modal throws error 'Payment Required: card_declined'. Bank confirms no block on our end. Several other team members in our department are facing the exact same problem.","[Issue] Stripe checkout payment gateway throwing error 402. When attempting to pay invoice online, checkout modal throws error 'Payment Required: card_declined'. Bank confirms no block on our end. Several other team members in our department are facing the exact same problem.",Payment,High
668,Help needed: Guest WiFi captive portal not loading,"Visitors connecting to 'Guest-WiFi' do not get redirected to the terms & conditions login page, leaving them without web connectivity. Urgent assistance required as this is blocking our production workflow.","Help needed: Guest WiFi captive portal not loading. Visitors connecting to 'Guest-WiFi' do not get redirected to the terms & conditions login page, leaving them without web connectivity. Urgent assistance required as this is blocking our production workflow.",Network,High
669,Google Chrome memory leak consuming 14GB RAM,"Chrome browser consumes all available system RAM after 3 hours of usage with only 6 tabs open, slowing the entire operating system to a crawl.","Google Chrome memory leak consuming 14GB RAM. Chrome browser consumes all available system RAM after 3 hours of usage with only 6 tabs open, slowing the entire operating system to a crawl.",Software,Medium
670,Help needed: SSL certificate error visiting company intranet,Web browsers display NET::ERR_CERT_COMMON_NAME_INVALID when accessing internal wiki. Certificate appears expired as of yesterday. This issue started occurring after the system maintenance yesterday.,Help needed: SSL certificate error visiting company intranet. Web browsers display NET::ERR_CERT_COMMON_NAME_INVALID when accessing internal wiki. Certificate appears expired as of yesterday. This issue started occurring after the system maintenance yesterday.,Network,High
671,Excel crashes when opening large pivot table - Request assistance,"Microsoft Excel 365 freezes and abruptly crashes whenever I open our quarterly sales workbook containing 80,000 rows. Event Viewer logs faulting module ntdll.dll. This issue started occurring after the system maintenance yesterday.","Excel crashes when opening large pivot table - Request assistance. Microsoft Excel 365 freezes and abruptly crashes whenever I open our quarterly sales workbook containing 80,000 rows. Event Viewer logs faulting module ntdll.dll. This issue started occurring after the system maintenance yesterday.",Software,High
672,Outlook desktop stuck on loading profile - Request assistance,"Opening Microsoft Outlook hangs indefinitely at the splash screen saying 'Loading Profile'. Tried starting in Safe Mode (outlook.exe /safe) with no success. We noticed this error intermittently over the past week, but now it occurs constantly.","Outlook desktop stuck on loading profile - Request assistance. Opening Microsoft Outlook hangs indefinitely at the splash screen saying 'Loading Profile'. Tried starting in Safe Mode (outlook.exe /safe) with no success. We noticed this error intermittently over the past week, but now it occurs constantly.",Software,High
673,[Issue] SSL certificate error visiting company intranet,Web browsers display NET::ERR_CERT_COMMON_NAME_INVALID when accessing internal wiki. Certificate appears expired as of yesterday. Urgent assistance required as this is blocking our production workflow.,[Issue] SSL certificate error visiting company intranet. Web browsers display NET::ERR_CERT_COMMON_NAME_INVALID when accessing internal wiki. Certificate appears expired as of yesterday. Urgent assistance required as this is blocking our production workflow.,Network,High
674,Help needed: Windows 11 update stuck at 78% loop,"Cumulative update KB5034441 has been stuck at 78% for 4 hours. Rebooting causes the system to attempt rollback and install again in an endless loop. We have already attempted rebooting the system, but the problem persists.","Help needed: Windows 11 update stuck at 78% loop. Cumulative update KB5034441 has been stuck at 78% for 4 hours. Rebooting causes the system to attempt rollback and install again in an endless loop. We have already attempted rebooting the system, but the problem persists.",Software,High
675,Help needed: Unexpected price increase on monthly statement,"Our monthly subscription billed at $450 instead of our contracted rate of $350. Please review pricing tier agreement and adjust the balance. We noticed this error intermittently over the past week, but now it occurs constantly.","Help needed: Unexpected price increase on monthly statement. Our monthly subscription billed at $450 instead of our contracted rate of $350. Please review pricing tier agreement and adjust the balance. We noticed this error intermittently over the past week, but now it occurs constantly.",Payment,Medium
676,Google Chrome memory leak consuming 14GB RAM,"Chrome browser consumes all available system RAM after 3 hours of usage with only 6 tabs open, slowing the entire operating system to a crawl. Logs and system diagnostic details have been captured and can be provided upon request.","Google Chrome memory leak consuming 14GB RAM. Chrome browser consumes all available system RAM after 3 hours of usage with only 6 tabs open, slowing the entire operating system to a crawl. Logs and system diagnostic details have been captured and can be provided upon request.",Software,Medium
677,[Issue] Wireless mouse cursor jumping erratically,The Logitech wireless mouse cursor stutters across the screen and skips pixels even with fresh AA batteries. Mousepad is clean. Several other team members in our department are facing the exact same problem.,[Issue] Wireless mouse cursor jumping erratically. The Logitech wireless mouse cursor stutters across the screen and skips pixels even with fresh AA batteries. Mousepad is clean. Several other team members in our department are facing the exact same problem.,Hardware,Low
678,[Issue] Billing currency incorrect charged in EUR instead of USD,"Our master services agreement stipulates USD billing, but latest charge came through as 499 EUR with high foreign exchange fees. This is severely impacting our daily operations and client deliverable deadlines.","[Issue] Billing currency incorrect charged in EUR instead of USD. Our master services agreement stipulates USD billing, but latest charge came through as 499 EUR with high foreign exchange fees. This is severely impacting our daily operations and client deliverable deadlines.",Payment,Medium
679,Password reset link expired before use,"Requested a self-service password reset email, but clicking the token link gives error 'Reset token has expired'. Please send a fresh reset link. We noticed this error intermittently over the past week, but now it occurs constantly.","Password reset link expired before use. Requested a self-service password reset email, but clicking the token link gives error 'Reset token has expired'. Please send a fresh reset link. We noticed this error intermittently over the past week, but now it occurs constantly.",Account,Medium
680,Memory consumption on API container growing continuously - Request assistance,"Docker container memory usage rises from 200MB to 3.8GB over 48 hours without releasing, indicating a memory leak in the connection pool. This issue started occurring after the system maintenance yesterday.","Memory consumption on API container growing continuously - Request assistance. Docker container memory usage rises from 200MB to 3.8GB over 48 hours without releasing, indicating a memory leak in the connection pool. This issue started occurring after the system maintenance yesterday.",Technical Issue,High
681,[Issue] File compression utility producing corrupted archives,7-Zip creates archives that fail CRC checksum validation when extracted on recipient workstations. Error: 'Data error in encrypted file'. This issue started occurring after the system maintenance yesterday.,[Issue] File compression utility producing corrupted archives. 7-Zip creates archives that fail CRC checksum validation when extracted on recipient workstations. Error: 'Data error in encrypted file'. This issue started occurring after the system maintenance yesterday.,Software,Low
682,[Issue] API rate limiting triggered incorrectly on internal services,Internal microservice is receiving HTTP 429 Too Many Requests when communicating with the auth service on the local network. Several other team members in our department are facing the exact same problem.,[Issue] API rate limiting triggered incorrectly on internal services. Internal microservice is receiving HTTP 429 Too Many Requests when communicating with the auth service on the local network. Several other team members in our department are facing the exact same problem.,Technical Issue,High
683,[Issue] Data export CSV corrupted with incomplete rows,"Exporting historical ticket reports with >10,000 rows generates truncated CSV file stopping midway at row 3,420 with trailing commas. Several other team members in our department are facing the exact same problem.","[Issue] Data export CSV corrupted with incomplete rows. Exporting historical ticket reports with >10,000 rows generates truncated CSV file stopping midway at row 3,420 with trailing commas. Several other team members in our department are facing the exact same problem.",Technical Issue,Medium
684,[Issue] Webhook delivery failing with HTTP 404 response,Webhook notifications for event 'ticket.resolved' fail with status 404 to our endpoint https://crm.company.com/webhook. Headers show missing HMAC signature. Logs and system diagnostic details have been captured and can be provided upon request.,[Issue] Webhook delivery failing with HTTP 404 response. Webhook notifications for event 'ticket.resolved' fail with status 404 to our endpoint https://crm.company.com/webhook. Headers show missing HMAC signature. Logs and system diagnostic details have been captured and can be provided upon request.,Technical Issue,High
685,Urgent: Font rendering corrupted in presentation software,PowerPoint slides are displaying garbled glyphs and overlapping letters instead of standard Arial fonts after the latest OS patch. Logs and system diagnostic details have been captured and can be provided upon request.,Urgent: Font rendering corrupted in presentation software. PowerPoint slides are displaying garbled glyphs and overlapping letters instead of standard Arial fonts after the latest OS patch. Logs and system diagnostic details have been captured and can be provided upon request.,Software,Low
686,SSL certificate error visiting company intranet,"Web browsers display NET::ERR_CERT_COMMON_NAME_INVALID when accessing internal wiki. Certificate appears expired as of yesterday. We noticed this error intermittently over the past week, but now it occurs constantly.","SSL certificate error visiting company intranet. Web browsers display NET::ERR_CERT_COMMON_NAME_INVALID when accessing internal wiki. Certificate appears expired as of yesterday. We noticed this error intermittently over the past week, but now it occurs constantly.",Network,High
687,Urgent: Bank wire transfer payment not reflected in account balance,"Wire transfer of $5,000 sent on Thursday with reference WT-4481. Account still shows overdue status and service suspension warning. Logs and system diagnostic details have been captured and can be provided upon request.","Urgent: Bank wire transfer payment not reflected in account balance. Wire transfer of $5,000 sent on Thursday with reference WT-4481. Account still shows overdue status and service suspension warning. Logs and system diagnostic details have been captured and can be provided upon request.",Payment,Critical
688,Shared mailbox permission missing in Outlook,Need 'Send As' and 'Read and Manage' permissions granted for shared mailbox info@company.com. Several other team members in our department are facing the exact same problem.,Shared mailbox permission missing in Outlook. Need 'Send As' and 'Read and Manage' permissions granted for shared mailbox info@company.com. Several other team members in our department are facing the exact same problem.,Account,Low
689,[Issue] Account deactivated following departmental transfer,"My Active Directory account was accidentally marked as disabled during my transfer from Support to Engineering. Cannot access workstation. We noticed this error intermittently over the past week, but now it occurs constantly.","[Issue] Account deactivated following departmental transfer. My Active Directory account was accidentally marked as disabled during my transfer from Support to Engineering. Cannot access workstation. We noticed this error intermittently over the past week, but now it occurs constantly.",Account,Critical
690,[Issue] Database deadlock detected in transaction execution,Deadlock found when trying to get lock on table Ticket_Comments during concurrent status update. Transaction was aborted by database engine.,[Issue] Database deadlock detected in transaction execution. Deadlock found when trying to get lock on table Ticket_Comments during concurrent status update. Transaction was aborted by database engine.,Technical Issue,High
691,Intermittent WebSocket connection drops in dashboard - Request assistance,"Real-time updates in admin portal disconnect with code 1006 every few minutes, requiring manual page refresh to see new tickets. We have already attempted rebooting the system, but the problem persists.","Intermittent WebSocket connection drops in dashboard - Request assistance. Real-time updates in admin portal disconnect with code 1006 every few minutes, requiring manual page refresh to see new tickets. We have already attempted rebooting the system, but the problem persists.",Technical Issue,Medium
692,Urgent: Proxy server authentication pop-up loop,"Browser continuously prompts for proxy credentials every time a new website is navigated, rejecting valid domain credentials. Tested across multiple workstations and the behavior is completely reproducible.","Urgent: Proxy server authentication pop-up loop. Browser continuously prompts for proxy credentials every time a new website is navigated, rejecting valid domain credentials. Tested across multiple workstations and the behavior is completely reproducible.",Network,Medium
693,[Issue] File compression utility producing corrupted archives,7-Zip creates archives that fail CRC checksum validation when extracted on recipient workstations. Error: 'Data error in encrypted file'. Logs and system diagnostic details have been captured and can be provided upon request.,[Issue] File compression utility producing corrupted archives. 7-Zip creates archives that fail CRC checksum validation when extracted on recipient workstations. Error: 'Data error in encrypted file'. Logs and system diagnostic details have been captured and can be provided upon request.,Software,Low
694,Urgent: Headset microphone not picking up audio,"Jabra USB headset audio output works fine, but teammates cannot hear me in Zoom or Teams meetings. Tested mic on Windows Sound settings with 0% input level. Logs and system diagnostic details have been captured and can be provided upon request.","Urgent: Headset microphone not picking up audio. Jabra USB headset audio output works fine, but teammates cannot hear me in Zoom or Teams meetings. Tested mic on Windows Sound settings with 0% input level. Logs and system diagnostic details have been captured and can be provided upon request.",Hardware,Low
695,[Issue] Requesting W-9 vendor tax form for accounts payable,Our accounting department requires a signed W-9 form and bank ACH direct deposit details before processing the outstanding purchase order. This issue started occurring after the system maintenance yesterday.,[Issue] Requesting W-9 vendor tax form for accounts payable. Our accounting department requires a signed W-9 form and bank ACH direct deposit details before processing the outstanding purchase order. This issue started occurring after the system maintenance yesterday.,Payment,Low
696,Update official primary email address and alias,My last name has legally changed. Please update my primary email address in Google Workspace / Exchange and create an alias for my previous name. Urgent assistance required as this is blocking our production workflow.,Update official primary email address and alias. My last name has legally changed. Please update my primary email address in Google Workspace / Exchange and create an alias for my previous name. Urgent assistance required as this is blocking our production workflow.,Account,High
697,Unauthorized login attempt detected from foreign IP - Request assistance,"Received security alert email indicating a successful login attempt from an unknown device in Romania. Need immediate password reset and session purge. We noticed this error intermittently over the past week, but now it occurs constantly.","Unauthorized login attempt detected from foreign IP - Request assistance. Received security alert email indicating a successful login attempt from an unknown device in Romania. Need immediate password reset and session purge. We noticed this error intermittently over the past week, but now it occurs constantly.",Account,Critical
698,Invoice shows incorrect billing address and company name - Request assistance,"The billing address on invoice INV-2026-0889 lists our old office address in London instead of our new headquarters in Manchester. Please reissue. We have already attempted rebooting the system, but the problem persists.","Invoice shows incorrect billing address and company name - Request assistance. The billing address on invoice INV-2026-0889 lists our old office address in London instead of our new headquarters in Manchester. Please reissue. We have already attempted rebooting the system, but the problem persists.",Payment,Low
699,Help needed: Purchase order PO number missing on invoice,Our accounts payable system rejects invoices without PO-98432 printed on the document. Please add PO number and re-send PDF invoice. This issue started occurring after the system maintenance yesterday.,Help needed: Purchase order PO number missing on invoice. Our accounts payable system rejects invoices without PO-98432 printed on the document. Please add PO number and re-send PDF invoice. This issue started occurring after the system maintenance yesterday.,Payment,Low
700,Lost smartphone cannot receive MFA 2FA code - Request assistance,Replaced my mobile phone over the weekend and no longer have access to Microsoft Authenticator app. Cannot complete 2FA verification to log in. This issue started occurring after the system maintenance yesterday.,Lost smartphone cannot receive MFA 2FA code - Request assistance. Replaced my mobile phone over the weekend and no longer have access to Microsoft Authenticator app. Cannot complete 2FA verification to log in. This issue started occurring after the system maintenance yesterday.,Account,High
701,Urgent: Firewall blocking outbound port 443 to cloud storage,Requests to AWS S3 buckets and GitHub are timing out from our subnet. Security policy appears to be dropping outbound TCP traffic on port 443. This issue started occurring after the system maintenance yesterday.,Urgent: Firewall blocking outbound port 443 to cloud storage. Requests to AWS S3 buckets and GitHub are timing out from our subnet. Security policy appears to be dropping outbound TCP traffic on port 443. This issue started occurring after the system maintenance yesterday.,Network,Critical
702,Mechanical keyboard keys repeating and sticking - Request assistance,The spacebar and Enter key on my office keyboard are sticking physically and registering double keystrokes. Cleaning with compressed air did not fix it. This is severely impacting our daily operations and client deliverable deadlines.,Mechanical keyboard keys repeating and sticking - Request assistance. The spacebar and Enter key on my office keyboard are sticking physically and registering double keystrokes. Cleaning with compressed air did not fix it. This is severely impacting our daily operations and client deliverable deadlines.,Hardware,Low
703,[Issue] Laptop display flickering violently,"The built-in screen on my Dell Latitude keeps flickering whenever I adjust the hinge. It goes completely black for a few seconds. Need a replacement or cable check. We noticed this error intermittently over the past week, but now it occurs constantly.","[Issue] Laptop display flickering violently. The built-in screen on my Dell Latitude keeps flickering whenever I adjust the hinge. It goes completely black for a few seconds. Need a replacement or cable check. We noticed this error intermittently over the past week, but now it occurs constantly.",Hardware,High
704,Webhook delivery failing with HTTP 404 response - Request assistance,"Webhook notifications for event 'ticket.resolved' fail with status 404 to our endpoint https://crm.company.com/webhook. Headers show missing HMAC signature. We have already attempted rebooting the system, but the problem persists.","Webhook delivery failing with HTTP 404 response - Request assistance. Webhook notifications for event 'ticket.resolved' fail with status 404 to our endpoint https://crm.company.com/webhook. Headers show missing HMAC signature. We have already attempted rebooting the system, but the problem persists.",Technical Issue,High
705,Adobe Acrobat Reader crashing on PDF sign - Request assistance,"Whenever I attempt to place a digital certificate signature on contract documents, Adobe Acrobat DC closes immediately without an error message. This is severely impacting our daily operations and client deliverable deadlines.","Adobe Acrobat Reader crashing on PDF sign - Request assistance. Whenever I attempt to place a digital certificate signature on contract documents, Adobe Acrobat DC closes immediately without an error message. This is severely impacting our daily operations and client deliverable deadlines.",Software,High
706,Requesting official VAT invoice for tax filing,Need an itemized PDF tax invoice containing our European VAT registration number (DE123456789) for our August subscription payment. Logs and system diagnostic details have been captured and can be provided upon request.,Requesting official VAT invoice for tax filing. Need an itemized PDF tax invoice containing our European VAT registration number (DE123456789) for our August subscription payment. Logs and system diagnostic details have been captured and can be provided upon request.,Payment,Low
707,Urgent: Cannot update security challenge questions,Account settings page throws error 500 when saving new security verification questions for password self-recovery.,Urgent: Cannot update security challenge questions. Account settings page throws error 500 when saving new security verification questions for password self-recovery.,Account,Low
708,Help needed: New employee onboarding credentials not received,New software engineer starts today but has not received their initial login credentials or temporary password for company email. Logs and system diagnostic details have been captured and can be provided upon request.,Help needed: New employee onboarding credentials not received. New software engineer starts today but has not received their initial login credentials or temporary password for company email. Logs and system diagnostic details have been captured and can be provided upon request.,Account,High
709,Help needed: Stripe checkout payment gateway throwing error 402,"When attempting to pay invoice online, checkout modal throws error 'Payment Required: card_declined'. Bank confirms no block on our end. Tested across multiple workstations and the behavior is completely reproducible.","Help needed: Stripe checkout payment gateway throwing error 402. When attempting to pay invoice online, checkout modal throws error 'Payment Required: card_declined'. Bank confirms no block on our end. Tested across multiple workstations and the behavior is completely reproducible.",Payment,High
710,Urgent: Bank wire transfer payment not reflected in account balance,"Wire transfer of $5,000 sent on Thursday with reference WT-4481. Account still shows overdue status and service suspension warning. Several other team members in our department are facing the exact same problem.","Urgent: Bank wire transfer payment not reflected in account balance. Wire transfer of $5,000 sent on Thursday with reference WT-4481. Account still shows overdue status and service suspension warning. Several other team members in our department are facing the exact same problem.",Payment,Critical
711,Urgent: Lost smartphone cannot receive MFA 2FA code,"Replaced my mobile phone over the weekend and no longer have access to Microsoft Authenticator app. Cannot complete 2FA verification to log in. We noticed this error intermittently over the past week, but now it occurs constantly.","Urgent: Lost smartphone cannot receive MFA 2FA code. Replaced my mobile phone over the weekend and no longer have access to Microsoft Authenticator app. Cannot complete 2FA verification to log in. We noticed this error intermittently over the past week, but now it occurs constantly.",Account,High
712,RAM memory failure causing BSOD,Computer crashed three times today with MEMORY_MANAGEMENT blue screen. Windows Memory Diagnostic tool reported hardware memory problems detected. This is severely impacting our daily operations and client deliverable deadlines.,RAM memory failure causing BSOD. Computer crashed three times today with MEMORY_MANAGEMENT blue screen. Windows Memory Diagnostic tool reported hardware memory problems detected. This is severely impacting our daily operations and client deliverable deadlines.,Hardware,High
713,[Issue] Purchase order PO number missing on invoice,Our accounts payable system rejects invoices without PO-98432 printed on the document. Please add PO number and re-send PDF invoice. This is severely impacting our daily operations and client deliverable deadlines.,[Issue] Purchase order PO number missing on invoice. Our accounts payable system rejects invoices without PO-98432 printed on the document. Please add PO number and re-send PDF invoice. This is severely impacting our daily operations and client deliverable deadlines.,Payment,Low
714,Urgent: Guest WiFi captive portal not loading,"Visitors connecting to 'Guest-WiFi' do not get redirected to the terms & conditions login page, leaving them without web connectivity. Several other team members in our department are facing the exact same problem.","Urgent: Guest WiFi captive portal not loading. Visitors connecting to 'Guest-WiFi' do not get redirected to the terms & conditions login page, leaving them without web connectivity. Several other team members in our department are facing the exact same problem.",Network,Low
715,Text editor formatting tool breaks indentation - Request assistance,"VS Code auto-formatter replaces tabs with corrupted null characters in YAML configuration files, preventing deployment pipelines from running. Several other team members in our department are facing the exact same problem.","Text editor formatting tool breaks indentation - Request assistance. VS Code auto-formatter replaces tabs with corrupted null characters in YAML configuration files, preventing deployment pipelines from running. Several other team members in our department are facing the exact same problem.",Software,Low
716,Help needed: Text editor formatting tool breaks indentation,"VS Code auto-formatter replaces tabs with corrupted null characters in YAML configuration files, preventing deployment pipelines from running. Several other team members in our department are facing the exact same problem.","Help needed: Text editor formatting tool breaks indentation. VS Code auto-formatter replaces tabs with corrupted null characters in YAML configuration files, preventing deployment pipelines from running. Several other team members in our department are facing the exact same problem.",Software,Low
717,[Issue] Text editor formatting tool breaks indentation,"VS Code auto-formatter replaces tabs with corrupted null characters in YAML configuration files, preventing deployment pipelines from running. We have already attempted rebooting the system, but the problem persists.","[Issue] Text editor formatting tool breaks indentation. VS Code auto-formatter replaces tabs with corrupted null characters in YAML configuration files, preventing deployment pipelines from running. We have already attempted rebooting the system, but the problem persists.",Software,Low
718,Text editor formatting tool breaks indentation - Request assistance,"VS Code auto-formatter replaces tabs with corrupted null characters in YAML configuration files, preventing deployment pipelines from running. We noticed this error intermittently over the past week, but now it occurs constantly.","Text editor formatting tool breaks indentation - Request assistance. VS Code auto-formatter replaces tabs with corrupted null characters in YAML configuration files, preventing deployment pipelines from running. We noticed this error intermittently over the past week, but now it occurs constantly.",Software,Low
719,Prorated refund request after seat reduction - Request assistance,"We downgraded our team plan from 50 seats to 25 seats at the beginning of the billing cycle. Requesting prorated credit or refund for unused seats. We noticed this error intermittently over the past week, but now it occurs constantly.","Prorated refund request after seat reduction - Request assistance. We downgraded our team plan from 50 seats to 25 seats at the beginning of the billing cycle. Requesting prorated credit or refund for unused seats. We noticed this error intermittently over the past week, but now it occurs constantly.",Payment,Medium
720,Session timeout too aggressive kicking out every 5 minutes - Request assistance,"Web portal logs me out every 5 minutes with 'Session Expired', forcing constant MFA re-authentication while working. Tested across multiple workstations and the behavior is completely reproducible.","Session timeout too aggressive kicking out every 5 minutes - Request assistance. Web portal logs me out every 5 minutes with 'Session Expired', forcing constant MFA re-authentication while working. Tested across multiple workstations and the behavior is completely reproducible.",Account,Low
